"Date","Location","Confirmed","Cured","Deaths"
"2020/09/11","National",210940,150217,8544
"2020/09/10","National",207203,147510,8456
"2020/09/09","National",203342,145200,8336
"2020/09/08","National",200035,142958,8230
"2020/09/07","National",196989,140652,8130
"2020/09/06","National",194109,138575,8025
"2020/09/05","National",190665,136401,7940
"2020/09/04","National",187537,134181,7832
"2020/09/03","National",184268,132055,7750
"2020/09/02","National",180646,129971,7616
"2020/09/01","National",177571,128057,7505
"2020/08/31","National",174796,125959,7417
"2020/08/30","National",172053,124185,7343
"2020/08/29","National",169195,122802,7261
"2020/08/28","National",165887,120900,7169
"2020/08/27","National",162884,118575,7064
"2020/08/26","National",160165,115409,6944
"2020/08/25","National",157859,112867,6858
"2020/08/24","National",155412,111060,6759
"2020/08/23","National",153535,107500,6680
"2020/08/22","National",151498,105198,6594
"2020/08/21","National",149408,102991,6500
"2020/08/20","National",147211,100674,6418
"2020/08/19","National",144945,98657,6346
"2020/08/18","National",143043,96306,6277
"2020/08/17","National",141370,94458,6207
"2020/08/16","National",139549,93103,6150
"2020/08/15","National",137468,91321,6071
"2020/08/14","National",135123,89618,6021
"2020/08/13","National",132816,87558,5968
"2020/08/12","National",130718,85798,5903
"2020/08/11","National",128776,83710,5824
"2020/08/10","National",127083,82236,5765
"2020/08/09","National",125396,80952,5723
"2020/08/08","National",123503,79306,5658
"2020/08/07","National",121226,77557,5593
"2020/08/06","National",118753,75645,5521
"2020/08/05","National",116871,73889,5452
"2020/08/05","National",116871,73889,5452
"2020/08/04","National",115056,72050,5388
"2020/08/03","National",113134,70237,5302
"2020/08/03","National",184268,132055,7750
"2020/08/02","National",111455,68975,5236
"2020/08/01","National",109936,67919,5193
"2020/08/01","National",111455,68975,5236
"2020/08/01","National",109936,67919,5193
"2020/07/31","National",108376,65907,5131
"2020/07/31","National",108376,65907,5131
"2020/07/31","National",108376,65907,5131
"2020/07/30","National",106336,64292,5058
"2020/07/30","National",106336,64292,5058
"2020/07/30","National",106336,64292,5058
"2020/07/29","National",104432,62138,4975
"2020/07/29","National",104432,62138,4975
"2020/07/29","National",104432,62138,4975
"2020/07/28","National",102051,60539,4901
"2020/07/28","National",102051,60539,4901
"2020/07/28","National",102051,60539,4901
"2020/07/27","National",100303,58173,4838
"2020/07/27","National",100303,58173,4838
"2020/07/27","National",100303,58173,4838
"2020/07/26","National",98778,56655,4781
"2020/07/26","National",98778,56655,4781
"2020/07/26","National",98778,56655,4781
"2020/07/25","National",97286,55354,4714
"2020/07/25","National",97286,55354,4714
"2020/07/25","National",97286,55354,4714
"2020/07/24","National",95418,53945,4665
"2020/07/24","National",95418,53945,4665
"2020/07/24","National",95418,53945,4665
"2020/07/23","National",93657,52164,4576
"2020/07/23","National",93657,52164,4576
"2020/07/23","National",93657,52164,4576
"2020/07/22","National",91751,50255,4459
"2020/07/22","National",91751,50255,4459
"2020/07/22","National",91751,50255,4459
"2020/07/21","National",89869,48466,4320
"2020/07/21","National",89869,48466,4320
"2020/07/21","National",89869,48466,4320
"2020/07/20","National",88214,46977,4239
"2020/07/20","National",88214,46977,4239
"2020/07/20","National",88214,46977,4239
"2020/07/19","National",86521,45401,4143
"2020/07/19","National",86521,45401,4143
"2020/07/19","National",86521,45401,4143
"2020/07/18","National",84882,43268,4016
"2020/07/18","National",84882,43268,4016
"2020/07/18","National",84882,43268,4016
"2020/07/17","National",83130,41834,3957
"2020/07/17","National",83130,41834,3957
"2020/07/17","National",83130,41834,3957
"2020/07/16","National",81668,40345,3873
"2020/07/16","National",81668,40345,3873
"2020/07/16","National",81668,40345,3873
"2020/07/15","National",80094,39050,3797
"2020/07/15","National",80094,39050,3797
"2020/07/15","National",80094,39050,3797
"2020/07/14","National",78572,37636,3710
"2020/07/14","National",78572,37636,3710
"2020/07/14","National",78572,37636,3710
"2020/07/13","National",76981,36689,3656
"2020/07/13","National",76981,36689,3656
"2020/07/13","National",76981,36689,3656
"2020/07/12","National",75699,35638,3606
"2020/07/12","National",75699,35638,3606
"2020/07/12","National",75699,35638,3606
"2020/07/11","National",74018,34719,3535
"2020/07/11","National",74018,34719,3535
"2020/07/11","National",74018,34719,3535
"2020/07/10","National",72347,33529,3469
"2020/07/10","National",72347,33529,3469
"2020/07/10","National",72347,33529,3469
"2020/07/09","National",70736,32651,3417
"2020/07/09","National",70736,32651,3417
"2020/07/09","National",70736,32651,3417
"2020/07/08","National",68079,31585,3359
"2020/07/08","National",68079,31585,3359
"2020/07/08","National",68079,31585,3359
"2020/07/07","National",66226,30785,3309
"2020/07/07","National",66226,30785,3309
"2020/07/07","National",66226,30785,3309
"2020/07/06","National",64958,29919,3241
"2020/07/06","National",64958,29919,3241
"2020/07/06","National",64958,29919,3241
"2020/07/05","National",63749,29105,3171
"2020/07/05","National",63749,29105,3171
"2020/07/05","National",63749,29105,3171
"2020/07/04","National",62142,28219,3089
"2020/07/04","National",62142,28219,3089
"2020/07/04","National",62142,28219,3089
"2020/07/03","National",60695,27568,3036
"2020/07/03","National",60695,27568,3036
"2020/07/03","National",60695,27568,3036
"2020/07/02","National",59394,26667,2987
"2020/07/02","National",59394,26667,2987
"2020/07/02","National",59394,26667,2987
"2020/07/01","National",57770,25595,2934
"2020/07/01","National",57770,25595,2934
"2020/07/01","National",57770,25595,2934
"2020/06/30","National",56385,24806,2876
"2020/06/30","National",56385,24806,2876
"2020/06/30","National",56385,24806,2876
"2020/06/29","National",55092,23800,2805
"2020/06/29","National",55092,23800,2805
"2020/06/29","National",55092,23800,2805
"2020/06/28","National",54010,22936,2754
"2020/06/28","National",54010,22936,2754
"2020/06/28","National",54010,22936,2754
"2020/06/27","National",52812,21909,2720
"2020/06/27","National",52812,21909,2720
"2020/06/27","National",52812,21909,2720
"2020/06/26","National",51427,21333,2683
"2020/06/26","National",51427,21333,2683
"2020/06/26","National",51427,21333,2683
"2020/06/25","National",50187,20449,2620
"2020/06/25","National",50187,20449,2620
"2020/06/25","National",50187,20449,2620
"2020/06/24","National",49009,19658,2573
"2020/06/24","National",49009,19658,2573
"2020/06/24","National",49009,19658,2573
"2020/06/23","National",47896,19241,2535
"2020/06/23","National",47896,19241,2535
"2020/06/23","National",47896,19241,2535
"2020/06/22","National",46845,18735,2500
"2020/06/22","National",46845,18735,2500
"2020/06/22","National",46845,18735,2500
"2020/06/21","National",45891,18404,2465
"2020/06/21","National",45891,18404,2465
"2020/06/21","National",45891,18404,2465
"2020/06/20","National",45029,17883,2429
"2020/06/20","National",45029,17883,2429
"2020/06/20","National",45029,17883,2429
"2020/06/19","National",43803,17349,2373
"2020/06/19","National",43803,17349,2373
"2020/06/19","National",43803,17349,2373
"2020/06/18","National",42762,16798,2339
"2020/06/18","National",42762,16798,2339
"2020/06/18","National",42762,16798,2339
"2020/06/17","National",41431,16243,2276
"2020/06/17","National",41431,16243,2276
"2020/06/17","National",41431,16243,2276
"2020/06/16","National",40400,15703,2231
"2020/06/16","National",40400,15703,2231
"2020/06/16","National",40400,15703,2231
"2020/06/15","National",39294,15123,2198
"2020/06/15","National",39294,15123,2198
"2020/06/15","National",39294,15123,2198
"2020/06/14","National",38277,14531,2134
"2020/06/14","National",38277,14531,2134
"2020/06/14","National",38277,14531,2134
"2020/06/13","National",37420,13776,2091
"2020/06/13","National",37420,13776,2091
"2020/06/13","National",37420,13776,2091
"2020/06/12","National",36406,13213,2048
"2020/06/12","National",36406,13213,2048
"2020/06/12","National",36406,13213,2048
"2020/06/11","National",35295,12636,2000
"2020/06/11","National",35295,12636,2000
"2020/06/11","National",35295,12636,2000
"2020/06/10","National",34316,12129,1959
"2020/06/10","National",34316,12129,1959
"2020/06/10","National",34316,12129,1959
"2020/06/09","National",33076,11414,1923
"2020/06/09","National",33076,11414,1923
"2020/06/09","National",33076,11414,1923
"2020/06/08","National",32033,10904,1883
"2020/06/08","National",32033,10904,1883
"2020/06/08","National",32033,10904,1883
"2020/06/07","National",31186,10498,1851
"2020/06/07","National",31186,10498,1851
"2020/06/07","National",31186,10498,1851
"2020/06/06","National",30514,9907,1801
"2020/06/06","National",30514,9907,1801
"2020/06/06","National",30514,9907,1801
"2020/06/05","National",29521,9443,1770
"2020/06/05","National",29521,9443,1770
"2020/06/05","National",29521,9443,1770
"2020/06/04","National",28818,8892,1721
"2020/06/04","National",28818,8892,1721
"2020/06/04","National",28818,8892,1721
"2020/06/03","National",28233,8406,1698
"2020/06/03","National",28233,8406,1698
"2020/06/03","National",28233,8406,1698
"2020/06/02","National",27549,7935,1663
"2020/06/02","National",27549,7935,1663
"2020/06/02","National",27549,7935,1663
"2020/06/01","National",26940,7637,1641
"2020/06/01","National",26940,7637,1641
"2020/06/01","National",26940,7637,1641
"2020/05/31","National",26473,7308,1613
"2020/05/31","National",26473,7308,1613
"2020/05/31","National",26473,7308,1613
"2020/05/30","National",25773,7015,1573
"2020/05/30","National",25773,7015,1573
"2020/05/30","National",25773,7015,1573
"2020/05/29","National",25216,6492,1520
"2020/05/29","National",25216,6492,1520
"2020/05/29","National",25216,6492,1520
"2020/05/28","National",24538,6240,1496
"2020/05/28","National",24538,6240,1496
"2020/05/28","National",24538,6240,1496
"2020/05/27","National",23851,6057,1473
"2020/05/27","National",23851,6057,1473
"2020/05/27","National",23851,6057,1473
"2020/05/26","National",23165,5877,1418
"2020/05/26","National",23165,5877,1418
"2020/05/26","National",23165,5877,1418
"2020/05/25","National",22750,5642,1391
"2020/05/25","National",22750,5642,1391
"2020/05/25","National",22750,5642,1391
"2020/05/24","National",22271,5402,1372
"2020/05/24","National",22271,5402,1372
"2020/05/24","National",22271,5402,1372
"2020/05/23","National",21745,5249,1351
"2020/05/23","National",21745,5249,1351
"2020/05/23","National",21745,5249,1351
"2020/05/22","National",20796,5057,1326
"2020/05/22","National",20796,5057,1326
"2020/05/22","National",20796,5057,1326
"2020/05/21","National",20162,4838,1278
"2020/05/21","National",20162,4838,1278
"2020/05/21","National",20162,4838,1278
"2020/05/20","National",19189,4575,1242
"2020/05/20","National",19189,4575,1242
"2020/05/20","National",19189,4575,1242
"2020/05/19","National",18496,4467,1221
"2020/05/19","National",18496,4467,1221
"2020/05/19","National",18496,4467,1221
"2020/05/18","National",18010,4324,1191
"2020/05/18","National",18010,4324,1191
"2020/05/18","National",18010,4324,1191
"2020/05/17","National",17514,4129,1148
"2020/05/17","National",17514,4129,1148
"2020/05/17","National",17514,4129,1148
"2020/05/16","National",17025,3911,1089
"2020/05/16","National",17025,3911,1089
"2020/05/16","National",17025,3911,1089
"2020/05/15","National",16496,3803,1076
"2020/05/15","National",16496,3803,1076
"2020/05/15","National",16496,3803,1076
"2020/05/14","National",16006,3518,1043
"2020/05/14","National",16006,3518,1043
"2020/05/14","National",16006,3518,1043
"2020/05/13","National",15438,3287,1028
"2020/05/13","National",15438,3287,1028
"2020/05/13","National",15438,3287,1028
"2020/05/12","National",14749,3063,1007
"2020/05/12","National",14749,3063,1007
"2020/05/12","National",14749,3063,1007
"2020/05/11","National",14265,2881,991
"2020/05/11","National",14265,2881,991
"2020/05/11","National",14265,2881,991
"2020/05/10","National",14032,2698,973
"2020/05/10","National",14032,2698,973
"2020/05/10","National",14032,2698,973
"2020/05/09","National",13645,2607,959
"2020/05/09","National",13645,2607,959
"2020/05/09","National",13645,2607,959
"2020/05/08","National",13112,2494,943
"2020/05/08","National",13112,2494,943
"2020/05/08","National",13112,2494,943
"2020/05/07","National",12776,2381,930
"2020/05/07","National",12776,2381,930
"2020/05/07","National",12776,2381,930
"2020/05/06","National",12438,2317,895
"2020/05/06","National",12438,2317,895
"2020/05/06","National",12438,2317,895
"2020/05/05","National",12071,2197,872
"2020/05/05","National",12071,2197,872
"2020/05/05","National",12071,2197,872
"2020/05/04","National",11587,1954,864
"2020/05/04","National",11587,1954,864
"2020/05/04","National",11587,1954,864
"2020/05/03","National",11192,1876,845
"2020/05/03","National",11192,1876,845
"2020/05/03","National",11192,1876,845
"2020/05/02","National",10843,1665,831
"2020/05/02","National",10843,1665,831
"2020/05/02","National",10843,1665,831
"2020/05/01","National",10551,1591,800
"2020/05/01","National",10551,1591,800
"2020/04/30","National",10118,1522,792
"2020/04/30","National",10118,1522,792
"2020/04/29","National",9771,1391,784
"2020/04/29","National",9771,1391,784
"2020/04/28","National",9511,1254,773
"2020/04/28","National",9511,1254,773
"2020/04/27","National",9096,1151,765
"2020/04/27","National",9096,1151,765
"2020/04/26","National",8882,1107,743
"2020/04/26","National",8882,1107,743
"2020/04/25","National",8607,1042,720
"2020/04/25","National",8607,1042,720
"2020/04/24","National",8211,1002,689
"2020/04/24","National",8211,1002,689
"2020/04/23","National",7775,960,647
"2020/04/23","National",7775,960,647
"2020/04/22","National",7418,913,635
"2020/04/22","National",7418,913,635
"2020/04/21","National",7135,842,616
"2020/04/21","National",7135,842,616
"2020/04/20","National",6760,747,590
"2020/04/20","National",6760,747,590
"2020/04/19","National",6575,686,582
"2020/04/19","National",6575,686,582
"2020/04/18","National",6248,631,535
"2020/04/18","National",6248,631,535
"2020/04/17","National",5923,607,520
"2020/04/17","National",5923,607,520
"2020/04/16","National",5516,548,496
"2020/04/16","National",5516,548,496
"2020/04/15","National",5136,446,469
"2020/04/15","National",5136,446,469
"2020/04/14","National",4839,426,459
"2020/04/14","National",4839,426,459
"2020/04/13","National",4557,380,399
"2020/04/13","National",4557,380,399
"2020/04/12","National",4241,359,373
"2020/04/12","National",4241,359,373
"2020/04/11","National",3842,286,327
"2020/04/11","National",3842,286,327
"2020/04/10","National",3512,282,306
"2020/04/10","National",3512,282,306
"2020/04/09","National",3293,252,280
"2020/04/09","National",3293,252,280
"2020/04/08","National",2956,222,240
"2020/04/08","National",2956,222,240
"2020/04/07","National",2738,204,221
"2020/04/07","National",2738,204,221
"2020/04/06","National",2491,192,209
"2020/04/06","National",2491,192,209
"2020/04/05","National",2273,164,198
"2020/04/05","National",2273,164,198
"2020/04/04","National",2092,150,191
"2020/04/04","National",2092,150,191
"2020/04/03","National",1986,134,181
"2020/04/03","National",1986,134,181
"2020/04/02","National",1790,112,170
"2020/04/02","National",1790,112,170
"2020/04/01","National",1677,103,157
"2020/04/01","National",1677,103,157
"2020/03/31","National",1528,81,136
"2020/03/31","National",1528,81,136
"2020/03/30","National",1414,75,122
"2020/03/30","National",1414,75,122
"2020/03/29","National",1285,64,114
"2020/03/29","National",1285,64,114
"2020/03/28","National",1155,59,102
"2020/03/28","National",1155,59,102
"2020/03/27","National",1046,46,87
"2020/03/27","National",1046,46,87
"2020/03/26","National",893,35,78
"2020/03/26","National",893,35,78
"2020/03/25","National",790,31,58
"2020/03/25","National",790,31,58
"2020/03/24","National",686,30,55
"2020/03/24","National",686,30,55
"2020/03/23","National",579,30,49
"2020/03/23","National",579,30,49
"2020/03/22","National",514,29,48
"2020/03/22","National",514,29,48
"2020/03/21","National",450,20,38
"2020/03/21","National",450,20,38
"2020/03/20","National",369,17,32
"2020/03/20","National",369,17,32
"2020/03/19","National",309,15,25
"2020/03/19","National",309,15,25
"2020/03/18","National",227,11,19
"2020/03/18","National",227,11,19
"2020/03/17","National",172,9,5
"2020/03/17","National",172,9,5
"2020/03/16","National",134,8,5
"2020/03/16","National",134,8,5
"2020/03/15","National",117,8,5
"2020/03/15","National",117,8,5
"2020/03/14","National",96,8,5
"2020/03/14","National",96,8,5
"2020/03/13","National",69,2,4
"2020/03/13","National",69,2,4
"2020/03/12","National",34,2,1
"2020/03/12","National",34,2,1
"2020/03/11","National",34,2,1
"2020/03/11","National",34,2,1
"2020/03/10","National",27,2,0
"2020/03/10","National",27,2,0
"2020/03/09","National",19,0,0
"2020/03/09","National",19,0,0
"2020/03/08","National",6,0,0
"2020/03/08","National",6,0,0
"2020/03/07","National",4,0,0
"2020/03/07","National",4,0,0
"2020/03/06","National",4,0,0
"2020/03/06","National",4,0,0
"2020/03/05","National",2,0,0
"2020/03/05","National",2,0,0
"2020/03/04","National",2,0,0
"2020/03/04","National",2,0,0
"2020/03/03","National",2,0,0
"2020/03/03","National",2,0,0
"2020/03/02","National",2,0,0
"2020/03/02","National",2,0,0
"2020/09/11","Aceh",2152,504,85
"2020/09/10","Aceh",2152,504,85
"2020/09/08","Aceh",2054,494,83
"2020/09/07","Aceh",2042,434,81
"2020/09/06","Aceh",1945,434,76
"2020/09/05","Aceh",1945,434,76
"2020/09/04","Aceh",1884,434,74
"2020/09/03","Aceh",1794,403,72
"2020/09/02","Aceh",1697,395,68
"2020/09/01","Aceh",1649,395,66
"2020/08/31","Aceh",1633,312,63
"2020/08/30","Aceh",1600,246,61
"2020/08/29","Aceh",1546,191,55
"2020/08/26","Aceh",1291,191,38
"2020/08/25","Aceh",1261,191,38
"2020/08/24","Aceh",1241,191,35
"2020/08/23","Aceh",1211,191,32
"2020/08/22","Aceh",1211,191,30
"2020/08/21","Aceh",1141,191,30
"2020/08/20","Aceh",1137,191,28
"2020/08/19","Aceh",1132,191,28
"2020/08/18","Aceh",1069,191,28
"2020/08/17","Aceh",1044,191,26
"2020/08/16","Aceh",876,191,26
"2020/08/15","Aceh",840,191,24
"2020/08/14","Aceh",840,191,24
"2020/08/12","Aceh",748,191,21
"2020/08/11","Aceh",676,91,19
"2020/08/10","Aceh",676,91,19
"2020/08/09","Aceh",536,91,18
"2020/08/07","Aceh",536,91,18
"2020/08/06","Aceh",483,91,18
"2020/08/05","Aceh",442,91,18
"2020/08/04","Aceh",440,91,17
"2020/08/03","Aceh",433,91,17
"2020/08/02","Aceh",431,91,15
"2020/07/31","Aceh",415,91,12
"2020/07/30","Aceh",312,91,12
"2020/07/28","Aceh",168,91,10
"2020/07/27","Aceh",168,91,10
"2020/07/25","Aceh",168,91,10
"2020/07/24","Aceh",162,89,10
"2020/07/23","Aceh",158,77,10
"2020/07/22","Aceh",151,75,9
"2020/07/21","Aceh",149,70,9
"2020/07/20","Aceh",148,65,9
"2020/07/19","Aceh",148,65,9
"2020/07/18","Aceh",145,65,8
"2020/07/17","Aceh",145,65,8
"2020/07/16","Aceh",140,65,8
"2020/07/15","Aceh",137,64,7
"2020/07/14","Aceh",110,64,5
"2020/07/13","Aceh",106,63,4
"2020/07/12","Aceh",106,63,4
"2020/07/11","Aceh",99,63,3
"2020/07/10","Aceh",90,59,3
"2020/07/09","Aceh",90,54,3
"2020/07/08","Aceh",89,51,3
"2020/07/07","Aceh",88,42,3
"2020/07/06","Aceh",87,40,3
"2020/07/05","Aceh",87,31,3
"2020/07/04","Aceh",87,31,3
"2020/07/03","Aceh",87,31,3
"2020/07/02","Aceh",86,31,3
"2020/07/01","Aceh",86,31,3
"2020/06/30","Aceh",80,26,3
"2020/06/29","Aceh",79,25,2
"2020/06/28","Aceh",79,25,2
"2020/06/27","Aceh",77,22,2
"2020/06/26","Aceh",69,20,2
"2020/06/25","Aceh",66,20,2
"2020/06/24","Aceh",53,20,2
"2020/06/23","Aceh",49,20,2
"2020/06/22","Aceh",49,20,2
"2020/06/21","Aceh",49,20,2
"2020/06/20","Aceh",39,20,2
"2020/06/19","Aceh",38,20,2
"2020/06/18","Aceh",38,20,2
"2020/06/17","Aceh",37,20,2
"2020/06/16","Aceh",27,20,1
"2020/06/15","Aceh",27,19,1
"2020/06/14","Aceh",27,19,1
"2020/06/13","Aceh",22,19,1
"2020/06/12","Aceh",22,18,1
"2020/06/11","Aceh",22,18,1
"2020/06/10","Aceh",22,18,1
"2020/06/09","Aceh",20,18,1
"2020/06/08","Aceh",20,18,1
"2020/06/07","Aceh",20,18,1
"2020/06/06","Aceh",20,18,1
"2020/06/05","Aceh",20,18,1
"2020/06/04","Aceh",20,18,1
"2020/06/03","Aceh",20,17,1
"2020/06/02","Aceh",20,17,1
"2020/06/01","Aceh",20,17,1
"2020/05/31","Aceh",20,17,1
"2020/05/30","Aceh",20,17,1
"2020/05/29","Aceh",20,17,1
"2020/05/28","Aceh",20,17,1
"2020/05/27","Aceh",19,17,1
"2020/05/26","Aceh",19,17,1
"2020/05/25","Aceh",19,17,1
"2020/05/24","Aceh",19,17,1
"2020/05/23","Aceh",19,17,1
"2020/05/22","Aceh",19,15,1
"2020/05/21","Aceh",18,15,1
"2020/05/20","Aceh",18,15,1
"2020/05/19","Aceh",18,15,1
"2020/05/18","Aceh",18,15,1
"2020/05/17","Aceh",18,15,1
"2020/05/16","Aceh",18,15,1
"2020/05/15","Aceh",17,13,1
"2020/05/14","Aceh",17,13,1
"2020/05/13","Aceh",17,12,1
"2020/05/12","Aceh",17,12,1
"2020/05/11","Aceh",17,11,1
"2020/05/10","Aceh",17,11,1
"2020/05/09","Aceh",17,11,1
"2020/05/08","Aceh",17,11,1
"2020/05/07","Aceh",17,7,1
"2020/05/06","Aceh",17,7,1
"2020/05/05","Aceh",12,7,1
"2020/05/04","Aceh",12,7,1
"2020/05/03","Aceh",12,6,1
"2020/05/02","Aceh",11,6,1
"2020/05/01","Aceh",11,4,1
"2020/04/30","Aceh",10,4,1
"2020/04/29","Aceh",9,4,1
"2020/04/28","Aceh",9,4,1
"2020/04/27","Aceh",9,4,1
"2020/04/26","Aceh",9,4,1
"2020/04/25","Aceh",9,4,1
"2020/04/24","Aceh",8,4,1
"2020/04/23","Aceh",7,4,1
"2020/04/22","Aceh",7,4,1
"2020/04/21","Aceh",7,4,1
"2020/04/20","Aceh",7,4,1
"2020/04/19","Aceh",7,4,1
"2020/04/18","Aceh",6,4,1
"2020/04/17","Aceh",5,4,1
"2020/04/16","Aceh",5,4,1
"2020/04/15","Aceh",5,4,1
"2020/04/14","Aceh",5,4,1
"2020/04/13","Aceh",5,4,1
"2020/04/12","Aceh",5,1,1
"2020/04/11","Aceh",5,1,1
"2020/04/10","Aceh",5,1,1
"2020/04/09","Aceh",6,1,1
"2020/04/08","Aceh",6,0,1
"2020/04/07","Aceh",5,0,1
"2020/04/06","Aceh",5,0,1
"2020/04/05","Aceh",5,0,1
"2020/04/04","Aceh",5,0,1
"2020/04/03","Aceh",5,0,0
"2020/04/02","Aceh",5,0,0
"2020/04/01","Aceh",5,0,0
"2020/03/31","Aceh",5,0,0
"2020/03/30","Aceh",5,0,0
"2020/03/29","Aceh",5,0,0
"2020/03/28","Aceh",4,0,0
"2020/03/27","Aceh",4,0,0
"2020/03/26","Aceh",1,0,0
"2020/03/25","Aceh",0,0,0
"2020/03/24","Aceh",0,0,0
"2020/03/23","Aceh",0,0,0
"2020/03/22","Aceh",0,0,0
"2020/03/21","Aceh",0,0,0
"2020/03/20","Aceh",0,0,0
"2020/03/19","Aceh",0,0,0
"2020/03/18","Aceh",0,0,0
"2020/03/17","Aceh",0,0,0
"2020/03/16","Aceh",0,0,0
"2020/03/15","Aceh",0,0,0
"2020/03/14","Aceh",0,0,0
"2020/03/13","Aceh",0,0,0
"2020/03/12","Aceh",0,0,0
"2020/03/11","Aceh",0,0,0
"2020/03/10","Aceh",0,0,0
"2020/03/09","Aceh",0,0,0
"2020/03/08","Aceh",0,0,0
"2020/03/07","Aceh",0,0,0
"2020/03/06","Aceh",0,0,0
"2020/03/05","Aceh",0,0,0
"2020/03/04","Aceh",0,0,0
"2020/03/03","Aceh",0,0,0
"2020/03/02","Aceh",0,0,0
"2020/09/11","Bali",6723,5322,142
"2020/09/10","Bali",6723,5322,142
"2020/09/08","Bali",6549,5225,128
"2020/09/07","Bali",6385,5111,116
"2020/09/06","Bali",6071,4927,98
"2020/09/05","Bali",6071,4927,98
"2020/09/04","Bali",5906,4833,88
"2020/09/03","Bali",5710,4752,79
"2020/09/02","Bali",5536,4635,75
"2020/09/01","Bali",5367,4534,70
"2020/08/31","Bali",5207,4434,68
"2020/08/30","Bali",5078,4355,65
"2020/08/29","Bali",4989,4327,62
"2020/08/26","Bali",4726,4115,56
"2020/08/25","Bali",4650,4058,54
"2020/08/24","Bali",4576,4007,52
"2020/08/23","Bali",4513,3953,52
"2020/08/22","Bali",4446,3881,52
"2020/08/21","Bali",4368,3814,51
"2020/08/20","Bali",4292,3751,51
"2020/08/19","Bali",4220,3701,51
"2020/08/18","Bali",4158,3648,51
"2020/08/17","Bali",4110,3624,50
"2020/08/16","Bali",4065,3578,50
"2020/08/15","Bali",3980,3484,49
"2020/08/14","Bali",3980,3484,49
"2020/08/12","Bali",3892,3388,49
"2020/08/11","Bali",3862,3356,49
"2020/08/10","Bali",3817,3308,49
"2020/08/09","Bali",3720,3240,49
"2020/08/07","Bali",3682,3208,49
"2020/08/06","Bali",3644,3168,48
"2020/08/05","Bali",3617,3130,48
"2020/08/04","Bali",3578,3085,48
"2020/08/03","Bali",3529,3026,48
"2020/08/02","Bali",3488,2971,48
"2020/07/31","Bali",3407,2876,48
"2020/07/30","Bali",3360,2788,48
"2020/07/28","Bali",3219,2570,48
"2020/07/27","Bali",3157,2489,48
"2020/07/25","Bali",3114,2408,48
"2020/07/24","Bali",3058,2322,48
"2020/07/23","Bali",2996,2252,48
"2020/07/22","Bali",2934,2178,46
"2020/07/21","Bali",2856,2110,46
"2020/07/20","Bali",2781,2058,44
"2020/07/19","Bali",2781,2058,44
"2020/07/18","Bali",2690,1873,36
"2020/07/17","Bali",2619,1807,35
"2020/07/16","Bali",2533,1719,32
"2020/07/15","Bali",2421,1613,29
"2020/07/14","Bali",2358,1572,27
"2020/07/13","Bali",2257,1508,27
"2020/07/12","Bali",2195,1411,27
"2020/07/11","Bali",2147,1352,27
"2020/07/10","Bali",2110,1202,26
"2020/07/09","Bali",2024,1171,26
"2020/07/08","Bali",1971,1079,25
"2020/07/07","Bali",1940,1034,25
"2020/07/06","Bali",1900,974,23
"2020/07/05","Bali",1849,967,20
"2020/07/04","Bali",1797,937,18
"2020/07/03","Bali",1706,913,16
"2020/07/02","Bali",1640,875,16
"2020/07/01","Bali",1527,860,15
"2020/06/30","Bali",1493,798,14
"2020/06/29","Bali",1444,783,13
"2020/06/28","Bali",1414,771,13
"2020/06/27","Bali",1369,751,11
"2020/06/26","Bali",1263,730,11
"2020/06/25","Bali",1214,657,11
"2020/06/24","Bali",1158,646,9
"2020/06/23","Bali",1116,639,9
"2020/06/22","Bali",1080,615,9
"2020/06/21","Bali",1050,603,9
"2020/06/20","Bali",1013,586,7
"2020/06/19","Bali",976,566,6
"2020/06/18","Bali",895,553,6
"2020/06/17","Bali",829,542,6
"2020/06/16","Bali",782,510,6
"2020/06/15","Bali",760,502,6
"2020/06/14","Bali",741,474,6
"2020/06/13","Bali",723,462,6
"2020/06/12","Bali",695,448,5
"2020/06/11","Bali",659,424,5
"2020/06/10","Bali",640,412,5
"2020/06/09","Bali",608,409,5
"2020/06/08","Bali",594,377,5
"2020/06/07","Bali",582,373,5
"2020/06/06","Bali",557,371,5
"2020/06/05","Bali",524,369,5
"2020/06/04","Bali",510,364,5
"2020/06/03","Bali",490,349,5
"2020/06/02","Bali",487,334,5
"2020/06/01","Bali",482,334,5
"2020/05/31","Bali",465,329,4
"2020/05/30","Bali",455,328,4
"2020/05/29","Bali",443,320,4
"2020/05/28","Bali",420,314,4
"2020/05/27","Bali",415,302,4
"2020/05/26","Bali",407,295,4
"2020/05/25","Bali",396,295,4
"2020/05/24","Bali",394,293,4
"2020/05/23","Bali",388,287,4
"2020/05/22","Bali",380,284,4
"2020/05/21","Bali",374,280,4
"2020/05/20","Bali",371,276,4
"2020/05/19","Bali",363,267,4
"2020/05/18","Bali",359,257,4
"2020/05/17","Bali",348,250,4
"2020/05/16","Bali",346,243,4
"2020/05/15","Bali",343,232,4
"2020/05/14","Bali",337,223,4
"2020/05/13","Bali",332,220,4
"2020/05/12","Bali",328,215,4
"2020/05/11","Bali",314,210,4
"2020/05/10","Bali",311,204,4
"2020/05/09","Bali",306,197,4
"2020/05/08","Bali",300,195,4
"2020/05/07","Bali",287,183,4
"2020/05/06","Bali",277,166,4
"2020/05/05","Bali",277,160,4
"2020/05/04","Bali",271,159,4
"2020/05/03","Bali",262,151,4
"2020/05/02","Bali",237,129,4
"2020/05/01","Bali",235,121,4
"2020/04/30","Bali",222,113,4
"2020/04/29","Bali",215,96,4
"2020/04/28","Bali",215,88,4
"2020/04/27","Bali",194,81,4
"2020/04/26","Bali",186,75,4
"2020/04/25","Bali",183,70,4
"2020/04/24","Bali",177,55,4
"2020/04/23","Bali",167,55,4
"2020/04/22","Bali",152,47,4
"2020/04/21","Bali",150,42,3
"2020/04/20","Bali",140,42,3
"2020/04/19","Bali",135,38,3
"2020/04/18","Bali",131,36,3
"2020/04/17","Bali",124,36,2
"2020/04/16","Bali",113,32,2
"2020/04/15","Bali",98,23,2
"2020/04/14","Bali",92,21,2
"2020/04/13","Bali",86,20,2
"2020/04/12","Bali",81,19,2
"2020/04/11","Bali",79,19,2
"2020/04/10","Bali",75,19,2
"2020/04/09","Bali",63,18,2
"2020/04/08","Bali",49,18,2
"2020/04/07","Bali",43,18,2
"2020/04/06","Bali",43,18,2
"2020/04/05","Bali",35,18,2
"2020/04/04","Bali",32,10,2
"2020/04/03","Bali",27,10,2
"2020/04/02","Bali",25,10,2
"2020/04/01","Bali",25,10,2
"2020/03/31","Bali",19,0,2
"2020/03/30","Bali",19,0,2
"2020/03/29","Bali",10,0,2
"2020/03/28","Bali",9,0,2
"2020/03/27","Bali",9,0,2
"2020/03/26","Bali",9,0,2
"2020/03/25","Bali",9,0,2
"2020/03/24","Bali",6,0,2
"2020/03/23","Bali",6,0,2
"2020/03/22","Bali",3,0,2
"2020/03/21","Bali",3,0,1
"2020/03/20","Bali",4,0,1
"2020/03/19","Bali",1,0,1
"2020/03/18","Bali",1,0,1
"2020/03/17","Bali",1,0,1
"2020/03/16","Bali",1,0,1
"2020/03/15","Bali",1,0,1
"2020/03/14","Bali",1,0,1
"2020/03/13","Bali",1,0,1
"2020/03/12","Bali",1,0,1
"2020/03/11","Bali",1,0,1
"2020/03/10","Bali",1,0,0
"2020/03/09","Bali",0,0,0
"2020/03/08","Bali",0,0,0
"2020/03/07","Bali",0,0,0
"2020/03/06","Bali",0,0,0
"2020/03/05","Bali",0,0,0
"2020/03/04","Bali",0,0,0
"2020/03/03","Bali",0,0,0
"2020/03/02","Bali",0,0,0
"2020/09/11","Banten",3360,2316,117
"2020/09/10","Banten",3360,2316,117
"2020/09/08","Banten",3323,2295,117
"2020/09/07","Banten",3264,2269,117
"2020/09/06","Banten",3102,2206,114
"2020/09/05","Banten",3102,2206,114
"2020/09/04","Banten",3053,2177,114
"2020/09/03","Banten",3031,2150,114
"2020/09/02","Banten",2997,2126,113
"2020/09/01","Banten",2929,2104,112
"2020/08/31","Banten",2903,2043,108
"2020/08/30","Banten",2872,2018,108
"2020/08/29","Banten",2827,1981,104
"2020/08/26","Banten",2666,1836,104
"2020/08/25","Banten",2637,1807,103
"2020/08/24","Banten",2605,1791,103
"2020/08/23","Banten",2544,1749,103
"2020/08/22","Banten",2512,1729,103
"2020/08/21","Banten",2470,1699,101
"2020/08/20","Banten",2434,1665,101
"2020/08/19","Banten",2411,1655,101
"2020/08/18","Banten",2364,1624,101
"2020/08/17","Banten",2301,1617,100
"2020/08/16","Banten",2284,1598,100
"2020/08/15","Banten",2208,1560,99
"2020/08/14","Banten",2208,1560,99
"2020/08/12","Banten",2150,1502,98
"2020/08/11","Banten",2101,1484,96
"2020/08/10","Banten",2082,1475,96
"2020/08/09","Banten",2035,1473,96
"2020/08/07","Banten",2013,1473,95
"2020/08/06","Banten",1979,1455,94
"2020/08/05","Banten",1947,1427,93
"2020/08/04","Banten",1924,1422,93
"2020/08/03","Banten",1891,1410,92
"2020/08/02","Banten",1870,1384,90
"2020/07/31","Banten",1835,1354,90
"2020/07/30","Banten",1801,1309,89
"2020/07/28","Banten",1748,1277,87
"2020/07/27","Banten",1738,1254,87
"2020/07/25","Banten",1724,1244,85
"2020/07/24","Banten",1719,1237,85
"2020/07/23","Banten",1707,1232,85
"2020/07/22","Banten",1697,1228,85
"2020/07/21","Banten",1693,1220,85
"2020/07/20","Banten",1682,1199,84
"2020/07/19","Banten",1682,1199,84
"2020/07/18","Banten",1646,1177,83
"2020/07/17","Banten",1638,1165,82
"2020/07/16","Banten",1629,1155,82
"2020/07/15","Banten",1612,1140,81
"2020/07/14","Banten",1609,1107,81
"2020/07/13","Banten",1600,1095,81
"2020/07/12","Banten",1593,1090,81
"2020/07/11","Banten",1581,1040,81
"2020/07/10","Banten",1573,1010,81
"2020/07/09","Banten",1559,982,80
"2020/07/08","Banten",1544,958,80
"2020/07/07","Banten",1531,952,80
"2020/07/06","Banten",1525,949,80
"2020/07/05","Banten",1513,945,80
"2020/07/04","Banten",1508,943,79
"2020/07/03","Banten",1495,934,79
"2020/07/02","Banten",1474,882,79
"2020/07/01","Banten",1466,660,79
"2020/06/30","Banten",1453,639,79
"2020/06/29","Banten",1444,635,79
"2020/06/28","Banten",1438,628,79
"2020/06/27","Banten",1432,611,79
"2020/06/26","Banten",1414,603,79
"2020/06/25","Banten",1399,590,79
"2020/06/24","Banten",1390,590,79
"2020/06/23","Banten",1373,583,79
"2020/06/22","Banten",1361,570,79
"2020/06/21","Banten",1355,570,79
"2020/06/20","Banten",1347,569,79
"2020/06/19","Banten",1331,538,79
"2020/06/18","Banten",1327,535,79
"2020/06/17","Banten",1309,508,79
"2020/06/16","Banten",1277,485,79
"2020/06/15","Banten",1243,460,79
"2020/06/14","Banten",1240,440,79
"2020/06/13","Banten",1231,418,79
"2020/06/12","Banten",1157,417,76
"2020/06/11","Banten",1121,411,75
"2020/06/10","Banten",1096,401,73
"2020/06/09","Banten",1061,391,72
"2020/06/08","Banten",1047,372,71
"2020/06/07","Banten",1035,370,71
"2020/06/06","Banten",1025,365,71
"2020/06/05","Banten",989,324,70
"2020/06/04","Banten",965,279,69
"2020/06/03","Banten",954,273,69
"2020/06/02","Banten",883,273,69
"2020/06/01","Banten",867,252,69
"2020/05/31","Banten",861,244,69
"2020/05/30","Banten",858,244,69
"2020/05/29","Banten",845,217,69
"2020/05/28","Banten",831,205,66
"2020/05/27","Banten",817,181,66
"2020/05/26","Banten",807,178,66
"2020/05/25","Banten",789,176,66
"2020/05/24","Banten",789,176,66
"2020/05/23","Banten",768,172,66
"2020/05/22","Banten",768,172,66
"2020/05/21","Banten",753,171,65
"2020/05/20","Banten",699,162,62
"2020/05/19","Banten",698,162,62
"2020/05/18","Banten",677,162,62
"2020/05/17","Banten",650,159,61
"2020/05/16","Banten",626,158,61
"2020/05/15","Banten",622,158,60
"2020/05/14","Banten",593,158,57
"2020/05/13","Banten",580,157,57
"2020/05/12","Banten",559,153,56
"2020/05/11","Banten",541,146,56
"2020/05/10","Banten",533,122,56
"2020/05/09","Banten",523,122,56
"2020/05/08","Banten",505,122,56
"2020/05/07","Banten",495,122,56
"2020/05/06","Banten",487,122,41
"2020/05/05","Banten",458,117,41
"2020/05/04","Banten",446,34,41
"2020/05/03","Banten",432,34,41
"2020/05/02","Banten",427,34,41
"2020/05/01","Banten",418,34,41
"2020/04/30","Banten",404,34,41
"2020/04/29","Banten",388,33,41
"2020/04/28","Banten",388,33,41
"2020/04/27","Banten",382,33,40
"2020/04/26","Banten",370,33,39
"2020/04/25","Banten",370,33,39
"2020/04/24","Banten",359,33,39
"2020/04/23","Banten",337,29,35
"2020/04/22","Banten",337,29,35
"2020/04/21","Banten",341,17,35
"2020/04/20","Banten",341,17,35
"2020/04/19","Banten",324,9,34
"2020/04/18","Banten",321,9,34
"2020/04/17","Banten",311,9,34
"2020/04/16","Banten",297,7,32
"2020/04/15","Banten",281,7,25
"2020/04/14","Banten",280,7,22
"2020/04/13","Banten",285,7,22
"2020/04/12","Banten",281,7,21
"2020/04/11","Banten",279,7,21
"2020/04/10","Banten",243,7,21
"2020/04/09","Banten",218,7,20
"2020/04/08","Banten",212,7,18
"2020/04/07","Banten",194,7,18
"2020/04/06","Banten",187,7,17
"2020/04/05","Banten",177,7,17
"2020/04/04","Banten",173,7,17
"2020/04/03","Banten",170,7,14
"2020/04/02","Banten",164,7,14
"2020/04/01","Banten",152,7,14
"2020/03/31","Banten",142,2,4
"2020/03/30","Banten",128,1,4
"2020/03/29","Banten",106,1,4
"2020/03/28","Banten",103,1,4
"2020/03/27","Banten",84,1,4
"2020/03/26","Banten",67,1,4
"2020/03/25","Banten",67,1,4
"2020/03/24","Banten",65,1,4
"2020/03/23","Banten",56,1,3
"2020/03/22","Banten",47,1,3
"2020/03/21","Banten",43,1,2
"2020/03/20","Banten",37,0,1
"2020/03/19","Banten",27,0,1
"2020/03/18","Banten",17,0,1
"2020/03/17","Banten",13,0,1
"2020/03/16","Banten",8,0,1
"2020/03/15","Banten",7,0,1
"2020/03/14","Banten",7,0,1
"2020/03/13","Banten",4,0,1
"2020/03/12","Banten",1,0,0
"2020/03/11","Banten",1,0,0
"2020/03/10","Banten",1,0,0
"2020/03/09","Banten",1,0,0
"2020/03/08","Banten",0,0,0
"2020/03/07","Banten",0,0,0
"2020/03/06","Banten",0,0,0
"2020/03/05","Banten",0,0,0
"2020/03/04","Banten",0,0,0
"2020/03/03","Banten",0,0,0
"2020/03/02","Banten",0,0,0
"2020/09/11","Bengkulu",397,202,26
"2020/09/10","Bengkulu",397,202,26
"2020/09/08","Bengkulu",394,197,26
"2020/09/07","Bengkulu",391,197,26
"2020/09/06","Bengkulu",369,187,26
"2020/09/05","Bengkulu",369,187,26
"2020/09/04","Bengkulu",364,186,25
"2020/09/03","Bengkulu",361,186,25
"2020/09/02","Bengkulu",353,186,25
"2020/09/01","Bengkulu",349,186,25
"2020/08/31","Bengkulu",343,186,25
"2020/08/30","Bengkulu",343,182,25
"2020/08/29","Bengkulu",332,173,25
"2020/08/26","Bengkulu",303,171,24
"2020/08/25","Bengkulu",300,166,24
"2020/08/24","Bengkulu",289,165,24
"2020/08/23","Bengkulu",288,164,24
"2020/08/22","Bengkulu",288,160,24
"2020/08/21","Bengkulu",287,160,24
"2020/08/20","Bengkulu",286,159,24
"2020/08/19","Bengkulu",286,158,24
"2020/08/18","Bengkulu",280,158,24
"2020/08/17","Bengkulu",279,158,24
"2020/08/16","Bengkulu",279,158,24
"2020/08/15","Bengkulu",274,158,24
"2020/08/14","Bengkulu",274,158,24
"2020/08/12","Bengkulu",260,151,24
"2020/08/11","Bengkulu",258,151,22
"2020/08/10","Bengkulu",253,149,22
"2020/08/09","Bengkulu",243,148,21
"2020/08/07","Bengkulu",240,148,20
"2020/08/06","Bengkulu",240,135,20
"2020/08/05","Bengkulu",239,135,20
"2020/08/04","Bengkulu",238,118,20
"2020/08/03","Bengkulu",235,118,19
"2020/08/02","Bengkulu",235,118,19
"2020/07/31","Bengkulu",217,118,18
"2020/07/30","Bengkulu",214,118,18
"2020/07/28","Bengkulu",200,117,16
"2020/07/27","Bengkulu",200,117,16
"2020/07/25","Bengkulu",200,117,16
"2020/07/24","Bengkulu",196,117,16
"2020/07/23","Bengkulu",195,116,16
"2020/07/22","Bengkulu",185,111,16
"2020/07/21","Bengkulu",181,111,16
"2020/07/20","Bengkulu",181,110,16
"2020/07/19","Bengkulu",181,110,16
"2020/07/18","Bengkulu",179,107,16
"2020/07/17","Bengkulu",173,107,16
"2020/07/16","Bengkulu",171,106,16
"2020/07/15","Bengkulu",170,105,16
"2020/07/14","Bengkulu",168,104,16
"2020/07/13","Bengkulu",163,103,16
"2020/07/12","Bengkulu",163,102,16
"2020/07/11","Bengkulu",162,102,16
"2020/07/10","Bengkulu",158,101,14
"2020/07/09","Bengkulu",155,98,14
"2020/07/08","Bengkulu",151,98,13
"2020/07/07","Bengkulu",144,96,13
"2020/07/06","Bengkulu",141,95,13
"2020/07/05","Bengkulu",141,95,13
"2020/07/04","Bengkulu",137,94,13
"2020/07/03","Bengkulu",136,94,12
"2020/07/02","Bengkulu",130,91,12
"2020/07/01","Bengkulu",129,90,12
"2020/06/30","Bengkulu",125,89,12
"2020/06/29","Bengkulu",125,89,11
"2020/06/28","Bengkulu",125,89,10
"2020/06/27","Bengkulu",125,89,10
"2020/06/26","Bengkulu",124,88,10
"2020/06/25","Bengkulu",120,78,10
"2020/06/24","Bengkulu",118,73,10
"2020/06/23","Bengkulu",118,72,9
"2020/06/22","Bengkulu",116,72,8
"2020/06/21","Bengkulu",116,72,8
"2020/06/20","Bengkulu",116,71,8
"2020/06/19","Bengkulu",107,68,8
"2020/06/18","Bengkulu",105,65,6
"2020/06/17","Bengkulu",105,65,6
"2020/06/16","Bengkulu",104,63,6
"2020/06/15","Bengkulu",101,62,6
"2020/06/14","Bengkulu",101,58,6
"2020/06/13","Bengkulu",98,58,5
"2020/06/12","Bengkulu",95,49,4
"2020/06/11","Bengkulu",92,48,4
"2020/06/10","Bengkulu",92,47,4
"2020/06/09","Bengkulu",92,46,4
"2020/06/08","Bengkulu",92,40,4
"2020/06/07","Bengkulu",92,40,4
"2020/06/06","Bengkulu",92,37,4
"2020/06/05","Bengkulu",92,25,3
"2020/06/04","Bengkulu",92,25,2
"2020/06/03","Bengkulu",92,25,2
"2020/06/02","Bengkulu",92,25,2
"2020/06/01","Bengkulu",91,22,2
"2020/05/31","Bengkulu",91,22,2
"2020/05/30","Bengkulu",86,22,2
"2020/05/29","Bengkulu",72,20,2
"2020/05/28","Bengkulu",71,14,2
"2020/05/27","Bengkulu",69,14,2
"2020/05/26","Bengkulu",69,9,2
"2020/05/25","Bengkulu",69,9,2
"2020/05/24","Bengkulu",69,9,2
"2020/05/23","Bengkulu",69,9,2
"2020/05/22","Bengkulu",69,9,2
"2020/05/21","Bengkulu",69,3,2
"2020/05/20","Bengkulu",67,1,2
"2020/05/19","Bengkulu",67,1,2
"2020/05/18","Bengkulu",66,1,2
"2020/05/17","Bengkulu",65,1,2
"2020/05/16","Bengkulu",56,1,2
"2020/05/15","Bengkulu",53,1,2
"2020/05/14","Bengkulu",42,1,2
"2020/05/13","Bengkulu",40,1,1
"2020/05/12","Bengkulu",40,1,1
"2020/05/11","Bengkulu",37,1,1
"2020/05/10","Bengkulu",37,1,1
"2020/05/09","Bengkulu",37,1,1
"2020/05/08","Bengkulu",14,1,1
"2020/05/07","Bengkulu",14,1,1
"2020/05/06","Bengkulu",14,1,1
"2020/05/05","Bengkulu",12,1,1
"2020/05/04","Bengkulu",12,1,1
"2020/05/03","Bengkulu",12,1,1
"2020/05/02","Bengkulu",12,1,1
"2020/05/01","Bengkulu",12,1,1
"2020/04/30","Bengkulu",12,1,1
"2020/04/29","Bengkulu",12,1,1
"2020/04/28","Bengkulu",8,1,1
"2020/04/27","Bengkulu",8,1,1
"2020/04/26","Bengkulu",8,1,1
"2020/04/25","Bengkulu",8,1,1
"2020/04/24","Bengkulu",8,1,1
"2020/04/23","Bengkulu",8,1,1
"2020/04/22","Bengkulu",8,1,1
"2020/04/21","Bengkulu",8,1,1
"2020/04/20","Bengkulu",4,0,1
"2020/04/19","Bengkulu",4,0,1
"2020/04/18","Bengkulu",4,0,1
"2020/04/17","Bengkulu",4,0,1
"2020/04/16","Bengkulu",4,0,1
"2020/04/15","Bengkulu",4,0,1
"2020/04/14","Bengkulu",4,0,1
"2020/04/13","Bengkulu",4,0,1
"2020/04/12","Bengkulu",4,0,1
"2020/04/11","Bengkulu",4,0,1
"2020/04/10","Bengkulu",4,0,1
"2020/04/09","Bengkulu",4,0,1
"2020/04/08","Bengkulu",2,0,1
"2020/04/07","Bengkulu",2,0,1
"2020/04/06","Bengkulu",2,0,1
"2020/04/05","Bengkulu",2,0,1
"2020/04/04","Bengkulu",2,0,1
"2020/04/03","Bengkulu",2,0,1
"2020/04/02","Bengkulu",1,0,1
"2020/04/01","Bengkulu",1,0,1
"2020/03/31","Bengkulu",1,0,1
"2020/03/30","Bengkulu",0,0,0
"2020/03/29","Bengkulu",0,0,0
"2020/03/28","Bengkulu",0,0,0
"2020/03/27","Bengkulu",0,0,0
"2020/03/26","Bengkulu",0,0,0
"2020/03/25","Bengkulu",0,0,0
"2020/03/24","Bengkulu",0,0,0
"2020/03/23","Bengkulu",0,0,0
"2020/03/22","Bengkulu",0,0,0
"2020/03/21","Bengkulu",0,0,0
"2020/03/20","Bengkulu",0,0,0
"2020/03/19","Bengkulu",0,0,0
"2020/03/18","Bengkulu",0,0,0
"2020/03/17","Bengkulu",0,0,0
"2020/03/16","Bengkulu",0,0,0
"2020/03/15","Bengkulu",0,0,0
"2020/03/14","Bengkulu",0,0,0
"2020/03/13","Bengkulu",0,0,0
"2020/03/12","Bengkulu",0,0,0
"2020/03/11","Bengkulu",0,0,0
"2020/03/10","Bengkulu",0,0,0
"2020/03/09","Bengkulu",0,0,0
"2020/03/08","Bengkulu",0,0,0
"2020/03/07","Bengkulu",0,0,0
"2020/03/06","Bengkulu",0,0,0
"2020/03/05","Bengkulu",0,0,0
"2020/03/04","Bengkulu",0,0,0
"2020/03/03","Bengkulu",0,0,0
"2020/03/02","Bengkulu",0,0,0
"2020/09/11","Daerah Istimewa Yogyakarta",1645,1268,48
"2020/09/10","Daerah Istimewa Yogyakarta",1645,1268,48
"2020/09/08","Daerah Istimewa Yogyakarta",1595,1216,47
"2020/09/07","Daerah Istimewa Yogyakarta",1571,1189,46
"2020/09/06","Daerah Istimewa Yogyakarta",1546,1116,45
"2020/09/05","Daerah Istimewa Yogyakarta",1546,1116,45
"2020/09/04","Daerah Istimewa Yogyakarta",1525,1096,44
"2020/09/03","Daerah Istimewa Yogyakarta",1507,1075,43
"2020/09/02","Daerah Istimewa Yogyakarta",1474,1061,41
"2020/09/01","Daerah Istimewa Yogyakarta",1445,1036,39
"2020/08/31","Daerah Istimewa Yogyakarta",1425,1026,39
"2020/08/30","Daerah Istimewa Yogyakarta",1397,976,37
"2020/08/29","Daerah Istimewa Yogyakarta",1373,968,37
"2020/08/26","Daerah Istimewa Yogyakarta",1264,892,36
"2020/08/25","Daerah Istimewa Yogyakarta",1248,857,34
"2020/08/24","Daerah Istimewa Yogyakarta",1207,846,34
"2020/08/23","Daerah Istimewa Yogyakarta",1193,826,33
"2020/08/22","Daerah Istimewa Yogyakarta",1178,808,33
"2020/08/21","Daerah Istimewa Yogyakarta",1163,793,32
"2020/08/20","Daerah Istimewa Yogyakarta",1138,765,31
"2020/08/19","Daerah Istimewa Yogyakarta",1090,713,29
"2020/08/18","Daerah Istimewa Yogyakarta",1059,695,29
"2020/08/17","Daerah Istimewa Yogyakarta",1041,682,28
"2020/08/16","Daerah Istimewa Yogyakarta",1025,675,28
"2020/08/15","Daerah Istimewa Yogyakarta",946,658,28
"2020/08/14","Daerah Istimewa Yogyakarta",946,658,28
"2020/08/12","Daerah Istimewa Yogyakarta",900,633,26
"2020/08/11","Daerah Istimewa Yogyakarta",880,609,25
"2020/08/10","Daerah Istimewa Yogyakarta",876,593,25
"2020/08/09","Daerah Istimewa Yogyakarta",854,552,23
"2020/08/07","Daerah Istimewa Yogyakarta",838,525,21
"2020/08/06","Daerah Istimewa Yogyakarta",819,497,21
"2020/08/05","Daerah Istimewa Yogyakarta",801,477,21
"2020/08/04","Daerah Istimewa Yogyakarta",784,448,21
"2020/08/03","Daerah Istimewa Yogyakarta",772,434,21
"2020/08/02","Daerah Istimewa Yogyakarta",760,421,21
"2020/07/31","Daerah Istimewa Yogyakarta",674,399,20
"2020/07/30","Daerah Istimewa Yogyakarta",610,382,19
"2020/07/28","Daerah Istimewa Yogyakarta",558,350,17
"2020/07/27","Daerah Istimewa Yogyakarta",543,347,17
"2020/07/25","Daerah Istimewa Yogyakarta",536,343,16
"2020/07/24","Daerah Istimewa Yogyakarta",519,336,15
"2020/07/23","Daerah Istimewa Yogyakarta",496,335,15
"2020/07/22","Daerah Istimewa Yogyakarta",486,331,14
"2020/07/21","Daerah Istimewa Yogyakarta",465,329,13
"2020/07/20","Daerah Istimewa Yogyakarta",438,326,12
"2020/07/19","Daerah Istimewa Yogyakarta",438,326,12
"2020/07/18","Daerah Istimewa Yogyakarta",416,315,11
"2020/07/17","Daerah Istimewa Yogyakarta",408,314,11
"2020/07/16","Daerah Istimewa Yogyakarta",404,313,11
"2020/07/15","Daerah Istimewa Yogyakarta",396,309,10
"2020/07/14","Daerah Istimewa Yogyakarta",387,304,10
"2020/07/13","Daerah Istimewa Yogyakarta",379,295,10
"2020/07/12","Daerah Istimewa Yogyakarta",371,293,9
"2020/07/11","Daerah Istimewa Yogyakarta",370,291,9
"2020/07/10","Daerah Istimewa Yogyakarta",364,288,9
"2020/07/09","Daerah Istimewa Yogyakarta",357,287,9
"2020/07/08","Daerah Istimewa Yogyakarta",349,285,8
"2020/07/07","Daerah Istimewa Yogyakarta",346,282,8
"2020/07/06","Daerah Istimewa Yogyakarta",339,278,8
"2020/07/05","Daerah Istimewa Yogyakarta",331,276,8
"2020/07/04","Daerah Istimewa Yogyakarta",325,275,8
"2020/07/03","Daerah Istimewa Yogyakarta",324,271,8
"2020/07/02","Daerah Istimewa Yogyakarta",320,269,8
"2020/07/01","Daerah Istimewa Yogyakarta",314,264,8
"2020/06/30","Daerah Istimewa Yogyakarta",313,263,8
"2020/06/29","Daerah Istimewa Yogyakarta",306,261,8
"2020/06/28","Daerah Istimewa Yogyakarta",306,260,8
"2020/06/27","Daerah Istimewa Yogyakarta",304,257,8
"2020/06/26","Daerah Istimewa Yogyakarta",302,252,8
"2020/06/25","Daerah Istimewa Yogyakarta",299,247,8
"2020/06/24","Daerah Istimewa Yogyakarta",292,242,8
"2020/06/23","Daerah Istimewa Yogyakarta",291,238,8
"2020/06/22","Daerah Istimewa Yogyakarta",288,238,8
"2020/06/21","Daerah Istimewa Yogyakarta",288,231,8
"2020/06/20","Daerah Istimewa Yogyakarta",285,231,8
"2020/06/19","Daerah Istimewa Yogyakarta",277,226,8
"2020/06/18","Daerah Istimewa Yogyakarta",276,219,8
"2020/06/17","Daerah Istimewa Yogyakarta",276,216,8
"2020/06/16","Daerah Istimewa Yogyakarta",273,213,8
"2020/06/15","Daerah Istimewa Yogyakarta",272,211,8
"2020/06/14","Daerah Istimewa Yogyakarta",269,210,8
"2020/06/13","Daerah Istimewa Yogyakarta",264,204,8
"2020/06/12","Daerah Istimewa Yogyakarta",262,196,8
"2020/06/11","Daerah Istimewa Yogyakarta",252,195,8
"2020/06/10","Daerah Istimewa Yogyakarta",250,194,8
"2020/06/09","Daerah Istimewa Yogyakarta",249,191,8
"2020/06/08","Daerah Istimewa Yogyakarta",247,185,8
"2020/06/07","Daerah Istimewa Yogyakarta",244,182,8
"2020/06/06","Daerah Istimewa Yogyakarta",242,178,8
"2020/06/05","Daerah Istimewa Yogyakarta",238,174,8
"2020/06/04","Daerah Istimewa Yogyakarta",237,174,8
"2020/06/03","Daerah Istimewa Yogyakarta",237,170,8
"2020/06/02","Daerah Istimewa Yogyakarta",237,168,8
"2020/06/01","Daerah Istimewa Yogyakarta",237,166,8
"2020/05/31","Daerah Istimewa Yogyakarta",236,160,8
"2020/05/30","Daerah Istimewa Yogyakarta",233,158,8
"2020/05/29","Daerah Istimewa Yogyakarta",230,149,8
"2020/05/28","Daerah Istimewa Yogyakarta",228,142,8
"2020/05/27","Daerah Istimewa Yogyakarta",228,134,8
"2020/05/26","Daerah Istimewa Yogyakarta",226,131,8
"2020/05/25","Daerah Istimewa Yogyakarta",226,124,8
"2020/05/24","Daerah Istimewa Yogyakarta",226,122,8
"2020/05/23","Daerah Istimewa Yogyakarta",225,121,8
"2020/05/22","Daerah Istimewa Yogyakarta",220,117,8
"2020/05/21","Daerah Istimewa Yogyakarta",215,105,8
"2020/05/20","Daerah Istimewa Yogyakarta",209,97,8
"2020/05/19","Daerah Istimewa Yogyakarta",207,95,8
"2020/05/18","Daerah Istimewa Yogyakarta",200,90,8
"2020/05/17","Daerah Istimewa Yogyakarta",199,85,8
"2020/05/16","Daerah Istimewa Yogyakarta",194,77,8
"2020/05/15","Daerah Istimewa Yogyakarta",188,71,7
"2020/05/14","Daerah Istimewa Yogyakarta",185,68,7
"2020/05/13","Daerah Istimewa Yogyakarta",181,68,7
"2020/05/12","Daerah Istimewa Yogyakarta",169,63,7
"2020/05/11","Daerah Istimewa Yogyakarta",159,61,7
"2020/05/10","Daerah Istimewa Yogyakarta",153,60,7
"2020/05/09","Daerah Istimewa Yogyakarta",146,59,7
"2020/05/08","Daerah Istimewa Yogyakarta",143,59,7
"2020/05/07","Daerah Istimewa Yogyakarta",137,57,7
"2020/05/06","Daerah Istimewa Yogyakarta",122,53,7
"2020/05/05","Daerah Istimewa Yogyakarta",121,52,7
"2020/05/04","Daerah Istimewa Yogyakarta",115,50,7
"2020/05/03","Daerah Istimewa Yogyakarta",115,49,7
"2020/05/02","Daerah Istimewa Yogyakarta",114,48,7
"2020/05/01","Daerah Istimewa Yogyakarta",104,44,7
"2020/04/30","Daerah Istimewa Yogyakarta",95,43,7
"2020/04/29","Daerah Istimewa Yogyakarta",94,40,7
"2020/04/28","Daerah Istimewa Yogyakarta",93,39,7
"2020/04/27","Daerah Istimewa Yogyakarta",83,37,7
"2020/04/26","Daerah Istimewa Yogyakarta",82,36,7
"2020/04/25","Daerah Istimewa Yogyakarta",79,36,7
"2020/04/24","Daerah Istimewa Yogyakarta",77,36,7
"2020/04/23","Daerah Istimewa Yogyakarta",76,32,7
"2020/04/22","Daerah Istimewa Yogyakarta",75,30,7
"2020/04/21","Daerah Istimewa Yogyakarta",72,30,7
"2020/04/20","Daerah Istimewa Yogyakarta",69,28,7
"2020/04/19","Daerah Istimewa Yogyakarta",67,27,7
"2020/04/18","Daerah Istimewa Yogyakarta",67,26,7
"2020/04/17","Daerah Istimewa Yogyakarta",64,25,7
"2020/04/16","Daerah Istimewa Yogyakarta",62,22,7
"2020/04/15","Daerah Istimewa Yogyakarta",62,18,7
"2020/04/14","Daerah Istimewa Yogyakarta",62,18,7
"2020/04/13","Daerah Istimewa Yogyakarta",57,6,7
"2020/04/12","Daerah Istimewa Yogyakarta",41,6,7
"2020/04/11","Daerah Istimewa Yogyakarta",41,6,7
"2020/04/10","Daerah Istimewa Yogyakarta",41,6,7
"2020/04/09","Daerah Istimewa Yogyakarta",41,6,7
"2020/04/08","Daerah Istimewa Yogyakarta",41,6,7
"2020/04/07","Daerah Istimewa Yogyakarta",41,1,3
"2020/04/06","Daerah Istimewa Yogyakarta",40,1,3
"2020/04/05","Daerah Istimewa Yogyakarta",34,1,3
"2020/04/04","Daerah Istimewa Yogyakarta",33,1,3
"2020/04/03","Daerah Istimewa Yogyakarta",27,1,3
"2020/04/02","Daerah Istimewa Yogyakarta",27,1,3
"2020/04/01","Daerah Istimewa Yogyakarta",28,1,2
"2020/03/31","Daerah Istimewa Yogyakarta",23,1,2
"2020/03/30","Daerah Istimewa Yogyakarta",18,1,2
"2020/03/29","Daerah Istimewa Yogyakarta",22,1,2
"2020/03/28","Daerah Istimewa Yogyakarta",22,1,2
"2020/03/27","Daerah Istimewa Yogyakarta",22,1,2
"2020/03/26","Daerah Istimewa Yogyakarta",16,1,2
"2020/03/25","Daerah Istimewa Yogyakarta",17,1,2
"2020/03/24","Daerah Istimewa Yogyakarta",6,1,1
"2020/03/23","Daerah Istimewa Yogyakarta",5,1,0
"2020/03/22","Daerah Istimewa Yogyakarta",5,1,0
"2020/03/21","Daerah Istimewa Yogyakarta",5,1,0
"2020/03/20","Daerah Istimewa Yogyakarta",4,0,0
"2020/03/19","Daerah Istimewa Yogyakarta",5,0,0
"2020/03/18","Daerah Istimewa Yogyakarta",3,0,0
"2020/03/17","Daerah Istimewa Yogyakarta",2,0,0
"2020/03/16","Daerah Istimewa Yogyakarta",1,0,0
"2020/03/15","Daerah Istimewa Yogyakarta",1,0,0
"2020/03/14","Daerah Istimewa Yogyakarta",1,0,0
"2020/03/13","Daerah Istimewa Yogyakarta",1,0,0
"2020/03/12","Daerah Istimewa Yogyakarta",0,0,0
"2020/03/11","Daerah Istimewa Yogyakarta",0,0,0
"2020/03/10","Daerah Istimewa Yogyakarta",0,0,0
"2020/03/09","Daerah Istimewa Yogyakarta",0,0,0
"2020/03/08","Daerah Istimewa Yogyakarta",0,0,0
"2020/03/07","Daerah Istimewa Yogyakarta",0,0,0
"2020/03/06","Daerah Istimewa Yogyakarta",0,0,0
"2020/03/05","Daerah Istimewa Yogyakarta",0,0,0
"2020/03/04","Daerah Istimewa Yogyakarta",0,0,0
"2020/03/03","Daerah Istimewa Yogyakarta",0,0,0
"2020/03/02","Daerah Istimewa Yogyakarta",0,0,0
"2020/09/11","DKI Jakarta",49397,37224,1334
"2020/09/10","DKI Jakarta",49397,37224,1334
"2020/09/08","DKI Jakarta",48393,36383,1317
"2020/09/07","DKI Jakarta",47379,35454,1296
"2020/09/06","DKI Jakarta",45157,33991,1265
"2020/09/05","DKI Jakarta",45157,33991,1265
"2020/09/04","DKI Jakarta",44280,33260,1252
"2020/09/03","DKI Jakarta",43400,32441,1246
"2020/09/02","DKI Jakarta",42041,31741,1231
"2020/09/01","DKI Jakarta",40987,31267,1214
"2020/08/31","DKI Jakarta",40086,30538,1197
"2020/08/30","DKI Jakarta",39037,30134,1183
"2020/08/29","DKI Jakarta",37943,29768,1174
"2020/08/26","DKI Jakarta",35453,26750,1135
"2020/08/25","DKI Jakarta",34740,25987,1129
"2020/08/24","DKI Jakarta",34103,25463,1113
"2020/08/23","DKI Jakarta",33470,23567,1097
"2020/08/22","DKI Jakarta",32855,22877,1080
"2020/08/21","DKI Jakarta",32267,22228,1063
"2020/08/20","DKI Jakarta",31610,21795,1048
"2020/08/19","DKI Jakarta",31016,21071,1032
"2020/08/18","DKI Jakarta",30465,20505,1014
"2020/08/17","DKI Jakarta",29952,19917,995
"2020/08/16","DKI Jakarta",29400,19708,981
"2020/08/15","DKI Jakarta",28299,18528,974
"2020/08/14","DKI Jakarta",28299,18528,974
"2020/08/12","DKI Jakarta",27153,17449,959
"2020/08/11","DKI Jakarta",26624,16630,944
"2020/08/10","DKI Jakarta",26162,16446,932
"2020/08/09","DKI Jakarta",25287,15710,924
"2020/08/07","DKI Jakarta",24601,15201,913
"2020/08/06","DKI Jakarta",23936,15006,901
"2020/08/05","DKI Jakarta",23380,14760,888
"2020/08/04","DKI Jakarta",23026,14381,874
"2020/08/03","DKI Jakarta",22616,14165,860
"2020/08/02","DKI Jakarta",22144,14027,844
"2020/07/31","DKI Jakarta",21399,13208,831
"2020/07/30","DKI Jakarta",20969,12803,817
"2020/07/28","DKI Jakarta",19592,11997,769
"2020/07/27","DKI Jakarta",19125,11886,759
"2020/07/25","DKI Jakarta",18741,11725,755
"2020/07/24","DKI Jakarta",18365,11552,755
"2020/07/23","DKI Jakarta",18068,11283,751
"2020/07/22","DKI Jakarta",17621,11145,751
"2020/07/21","DKI Jakarta",17279,10819,748
"2020/07/20","DKI Jakarta",16899,10598,745
"2020/07/19","DKI Jakarta",16899,10598,745
"2020/07/18","DKI Jakarta",16236,10118,727
"2020/07/17","DKI Jakarta",15889,9994,719
"2020/07/16","DKI Jakarta",15636,9855,713
"2020/07/15","DKI Jakarta",15324,9721,706
"2020/07/14","DKI Jakarta",15064,9528,701
"2020/07/13","DKI Jakarta",14797,9408,697
"2020/07/12","DKI Jakarta",14517,9200,691
"2020/07/11","DKI Jakarta",14113,9040,681
"2020/07/10","DKI Jakarta",13739,8825,671
"2020/07/09","DKI Jakarta",13488,8645,671
"2020/07/08","DKI Jakarta",13211,8424,665
"2020/07/07","DKI Jakarta",12857,8277,661
"2020/07/06","DKI Jakarta",12667,8036,649
"2020/07/05","DKI Jakarta",12435,7663,649
"2020/07/04","DKI Jakarta",12183,7377,643
"2020/07/03","DKI Jakarta",11961,7109,643
"2020/07/02","DKI Jakarta",11823,6871,638
"2020/07/01","DKI Jakarta",11637,6680,632
"2020/06/30","DKI Jakarta",11424,6512,632
"2020/06/29","DKI Jakarta",11237,6118,625
"2020/06/28","DKI Jakarta",11114,5865,625
"2020/06/27","DKI Jakarta",10994,5610,624
"2020/06/26","DKI Jakarta",10796,5542,616
"2020/06/25","DKI Jakarta",10600,5434,608
"2020/06/24","DKI Jakarta",10404,5322,602
"2020/06/23","DKI Jakarta",10250,5228,594
"2020/06/22","DKI Jakarta",10098,5128,586
"2020/06/21","DKI Jakarta",9971,5054,586
"2020/06/20","DKI Jakarta",9829,4821,585
"2020/06/19","DKI Jakarta",9655,4699,578
"2020/06/18","DKI Jakarta",9516,4573,578
"2020/06/17","DKI Jakarta",9349,4445,563
"2020/06/16","DKI Jakarta",9222,4329,557
"2020/06/15","DKI Jakarta",9120,4195,557
"2020/06/14","DKI Jakarta",8978,4089,555
"2020/06/13","DKI Jakarta",8861,3840,548
"2020/06/12","DKI Jakarta",8740,3781,540
"2020/06/11","DKI Jakarta",8650,3661,537
"2020/06/10","DKI Jakarta",8503,3517,535
"2020/06/09","DKI Jakarta",8355,3371,533
"2020/06/08","DKI Jakarta",8121,3206,529
"2020/06/07","DKI Jakarta",8033,3130,529
"2020/06/06","DKI Jakarta",7870,2836,524
"2020/06/05","DKI Jakarta",7766,2751,524
"2020/06/04","DKI Jakarta",7690,2607,523
"2020/06/03","DKI Jakarta",7623,2586,523
"2020/06/02","DKI Jakarta",7541,2399,518
"2020/06/01","DKI Jakarta",7485,2272,518
"2020/05/31","DKI Jakarta",7348,2082,517
"2020/05/30","DKI Jakarta",7229,2005,516
"2020/05/29","DKI Jakarta",7128,1739,509
"2020/05/28","DKI Jakarta",7001,1702,509
"2020/05/27","DKI Jakarta",6895,1682,509
"2020/05/26","DKI Jakarta",6798,1668,501
"2020/05/25","DKI Jakarta",6709,1655,501
"2020/05/24","DKI Jakarta",6634,1586,501
"2020/05/23","DKI Jakarta",6515,1564,501
"2020/05/22","DKI Jakarta",6400,1510,500
"2020/05/21","DKI Jakarta",6301,1458,481
"2020/05/20","DKI Jakarta",6236,1329,472
"2020/05/19","DKI Jakarta",6155,1329,470
"2020/05/18","DKI Jakarta",6059,1307,463
"2020/05/17","DKI Jakarta",6010,1306,463
"2020/05/16","DKI Jakarta",5881,1295,460
"2020/05/15","DKI Jakarta",5774,1276,460
"2020/05/14","DKI Jakarta",5688,1162,452
"2020/05/13","DKI Jakarta",5554,1026,449
"2020/05/12","DKI Jakarta",5375,924,443
"2020/05/11","DKI Jakarta",5276,812,441
"2020/05/10","DKI Jakarta",5190,803,434
"2020/05/09","DKI Jakarta",5056,752,427
"2020/05/08","DKI Jakarta",4955,745,424
"2020/05/07","DKI Jakarta",4855,745,423
"2020/05/06","DKI Jakarta",4770,741,414
"2020/05/05","DKI Jakarta",4687,704,409
"2020/05/04","DKI Jakarta",4539,632,408
"2020/05/03","DKI Jakarta",4463,632,398
"2020/05/02","DKI Jakarta",4397,513,392
"2020/05/01","DKI Jakarta",4317,488,375
"2020/04/30","DKI Jakarta",4175,486,371
"2020/04/29","DKI Jakarta",4092,440,370
"2020/04/28","DKI Jakarta",4002,363,370
"2020/04/27","DKI Jakarta",3869,337,367
"2020/04/26","DKI Jakarta",3798,335,353
"2020/04/25","DKI Jakarta",3684,334,346
"2020/04/24","DKI Jakarta",3599,327,326
"2020/04/23","DKI Jakarta",3517,326,301
"2020/04/22","DKI Jakarta",3383,322,301
"2020/04/21","DKI Jakarta",3260,286,298
"2020/04/20","DKI Jakarta",3097,230,287
"2020/04/19","DKI Jakarta",3032,234,287
"2020/04/18","DKI Jakarta",2924,205,253
"2020/04/17","DKI Jakarta",2815,204,246
"2020/04/16","DKI Jakarta",2670,202,244
"2020/04/15","DKI Jakarta",2474,164,242
"2020/04/14","DKI Jakarta",2335,163,241
"2020/04/13","DKI Jakarta",2186,142,204
"2020/04/12","DKI Jakarta",2044,142,195
"2020/04/11","DKI Jakarta",1948,82,159
"2020/04/10","DKI Jakarta",1753,82,154
"2020/04/09","DKI Jakarta",1706,82,142
"2020/04/08","DKI Jakarta",1470,70,114
"2020/04/07","DKI Jakarta",1369,65,106
"2020/04/06","DKI Jakarta",1232,65,99
"2020/04/05","DKI Jakarta",1124,56,95
"2020/04/04","DKI Jakarta",1028,56,89
"2020/04/03","DKI Jakarta",971,52,90
"2020/04/02","DKI Jakarta",897,52,90
"2020/04/01","DKI Jakarta",808,50,85
"2020/03/31","DKI Jakarta",747,48,83
"2020/03/30","DKI Jakarta",698,48,74
"2020/03/29","DKI Jakarta",675,45,68
"2020/03/28","DKI Jakarta",627,43,62
"2020/03/27","DKI Jakarta",598,31,51
"2020/03/26","DKI Jakarta",515,25,46
"2020/03/25","DKI Jakarta",463,23,31
"2020/03/24","DKI Jakarta",424,23,31
"2020/03/23","DKI Jakarta",353,23,29
"2020/03/22","DKI Jakarta",307,22,29
"2020/03/21","DKI Jakarta",267,17,23
"2020/03/20","DKI Jakarta",215,17,18
"2020/03/19","DKI Jakarta",210,15,12
"2020/03/18","DKI Jakarta",158,11,12
"2020/03/17","DKI Jakarta",126,9,2
"2020/03/16","DKI Jakarta",104,8,2
"2020/03/15","DKI Jakarta",90,8,2
"2020/03/14","DKI Jakarta",71,8,2
"2020/03/13","DKI Jakarta",54,3,1
"2020/03/12","DKI Jakarta",29,2,0
"2020/03/11","DKI Jakarta",29,2,0
"2020/03/10","DKI Jakarta",23,0,0
"2020/03/09","DKI Jakarta",16,0,0
"2020/03/08","DKI Jakarta",6,0,0
"2020/03/07","DKI Jakarta",4,0,0
"2020/03/06","DKI Jakarta",4,0,0
"2020/03/05","DKI Jakarta",2,0,0
"2020/03/04","DKI Jakarta",2,0,0
"2020/03/03","DKI Jakarta",2,0,0
"2020/03/02","DKI Jakarta",2,0,0
"2020/09/11","Gorontalo",2241,1923,61
"2020/09/10","Gorontalo",2241,1923,61
"2020/09/08","Gorontalo",2225,1916,61
"2020/09/07","Gorontalo",2201,1905,60
"2020/09/06","Gorontalo",2182,1875,60
"2020/09/05","Gorontalo",2182,1875,60
"2020/09/04","Gorontalo",2160,1855,55
"2020/09/03","Gorontalo",2151,1849,55
"2020/09/02","Gorontalo",2090,1833,54
"2020/09/01","Gorontalo",2075,1816,54
"2020/08/31","Gorontalo",2041,1789,54
"2020/08/30","Gorontalo",2041,1773,54
"2020/08/29","Gorontalo",2041,1768,54
"2020/08/26","Gorontalo",1970,1592,51
"2020/08/25","Gorontalo",1970,1565,51
"2020/08/24","Gorontalo",1959,1565,51
"2020/08/23","Gorontalo",1959,1515,50
"2020/08/22","Gorontalo",1887,1508,49
"2020/08/21","Gorontalo",1887,1476,49
"2020/08/20","Gorontalo",1875,1448,47
"2020/08/19","Gorontalo",1875,1401,47
"2020/08/18","Gorontalo",1821,1362,47
"2020/08/17","Gorontalo",1788,1309,47
"2020/08/16","Gorontalo",1721,1305,45
"2020/08/15","Gorontalo",1675,1271,44
"2020/08/14","Gorontalo",1675,1271,44
"2020/08/12","Gorontalo",1664,1222,42
"2020/08/11","Gorontalo",1617,1190,41
"2020/08/10","Gorontalo",1614,1134,41
"2020/08/09","Gorontalo",1549,1115,38
"2020/08/07","Gorontalo",1469,1017,38
"2020/08/06","Gorontalo",1431,915,38
"2020/08/05","Gorontalo",1427,794,38
"2020/08/04","Gorontalo",1387,763,37
"2020/08/03","Gorontalo",1322,700,35
"2020/08/02","Gorontalo",1284,638,35
"2020/07/31","Gorontalo",1015,544,34
"2020/07/30","Gorontalo",1015,468,34
"2020/07/28","Gorontalo",851,397,33
"2020/07/27","Gorontalo",820,382,31
"2020/07/25","Gorontalo",796,347,30
"2020/07/24","Gorontalo",694,333,30
"2020/07/23","Gorontalo",620,322,30
"2020/07/22","Gorontalo",616,311,30
"2020/07/21","Gorontalo",616,311,29
"2020/07/20","Gorontalo",537,311,27
"2020/07/19","Gorontalo",537,311,27
"2020/07/18","Gorontalo",426,304,25
"2020/07/17","Gorontalo",425,301,23
"2020/07/16","Gorontalo",416,277,21
"2020/07/15","Gorontalo",392,257,20
"2020/07/14","Gorontalo",385,238,17
"2020/07/13","Gorontalo",363,236,17
"2020/07/12","Gorontalo",359,230,17
"2020/07/11","Gorontalo",345,230,17
"2020/07/10","Gorontalo",316,228,17
"2020/07/09","Gorontalo",286,227,16
"2020/07/08","Gorontalo",286,227,16
"2020/07/07","Gorontalo",276,227,15
"2020/07/06","Gorontalo",271,227,13
"2020/07/05","Gorontalo",269,227,11
"2020/07/04","Gorontalo",269,227,11
"2020/07/03","Gorontalo",261,226,11
"2020/07/02","Gorontalo",256,222,11
"2020/07/01","Gorontalo",249,213,10
"2020/06/30","Gorontalo",249,210,10
"2020/06/29","Gorontalo",243,195,8
"2020/06/28","Gorontalo",243,195,8
"2020/06/27","Gorontalo",243,195,8
"2020/06/26","Gorontalo",243,195,8
"2020/06/25","Gorontalo",243,195,8
"2020/06/24","Gorontalo",238,173,8
"2020/06/23","Gorontalo",231,142,8
"2020/06/22","Gorontalo",230,142,8
"2020/06/21","Gorontalo",227,138,8
"2020/06/20","Gorontalo",220,125,8
"2020/06/19","Gorontalo",220,125,8
"2020/06/18","Gorontalo",214,90,8
"2020/06/17","Gorontalo",214,90,8
"2020/06/16","Gorontalo",214,90,8
"2020/06/15","Gorontalo",208,87,8
"2020/06/14","Gorontalo",185,80,8
"2020/06/13","Gorontalo",185,80,8
"2020/06/12","Gorontalo",181,79,7
"2020/06/11","Gorontalo",149,69,7
"2020/06/10","Gorontalo",145,69,7
"2020/06/09","Gorontalo",139,62,7
"2020/06/08","Gorontalo",134,54,6
"2020/06/07","Gorontalo",134,54,6
"2020/06/06","Gorontalo",126,44,6
"2020/06/05","Gorontalo",121,32,6
"2020/06/04","Gorontalo",121,29,6
"2020/06/03","Gorontalo",118,29,6
"2020/06/02","Gorontalo",108,29,6
"2020/06/01","Gorontalo",94,26,3
"2020/05/31","Gorontalo",94,26,3
"2020/05/30","Gorontalo",69,23,3
"2020/05/29","Gorontalo",68,23,3
"2020/05/28","Gorontalo",65,19,2
"2020/05/27","Gorontalo",60,18,2
"2020/05/26","Gorontalo",58,18,2
"2020/05/25","Gorontalo",58,18,2
"2020/05/24","Gorontalo",58,18,2
"2020/05/23","Gorontalo",49,17,2
"2020/05/22","Gorontalo",47,15,2
"2020/05/21","Gorontalo",44,15,2
"2020/05/20","Gorontalo",28,15,2
"2020/05/19","Gorontalo",28,15,2
"2020/05/18","Gorontalo",28,15,2
"2020/05/17","Gorontalo",24,15,2
"2020/05/16","Gorontalo",23,15,1
"2020/05/15","Gorontalo",22,14,1
"2020/05/14","Gorontalo",21,13,1
"2020/05/13","Gorontalo",19,12,1
"2020/05/12","Gorontalo",19,12,1
"2020/05/11","Gorontalo",19,12,1
"2020/05/10","Gorontalo",19,11,1
"2020/05/09","Gorontalo",19,8,1
"2020/05/08","Gorontalo",19,8,1
"2020/05/07","Gorontalo",19,4,1
"2020/05/06","Gorontalo",15,2,1
"2020/05/05","Gorontalo",15,2,1
"2020/05/04","Gorontalo",15,2,1
"2020/05/03","Gorontalo",15,2,1
"2020/05/02","Gorontalo",15,2,1
"2020/05/01","Gorontalo",15,2,1
"2020/04/30","Gorontalo",15,2,1
"2020/04/29","Gorontalo",15,2,1
"2020/04/28","Gorontalo",15,0,1
"2020/04/27","Gorontalo",14,0,1
"2020/04/26","Gorontalo",15,0,1
"2020/04/25","Gorontalo",14,0,1
"2020/04/24","Gorontalo",12,0,1
"2020/04/23","Gorontalo",7,0,1
"2020/04/22","Gorontalo",7,0,1
"2020/04/21","Gorontalo",7,0,1
"2020/04/20","Gorontalo",4,0,0
"2020/04/19","Gorontalo",4,0,0
"2020/04/18","Gorontalo",4,0,0
"2020/04/17","Gorontalo",4,0,0
"2020/04/16","Gorontalo",4,0,0
"2020/04/15","Gorontalo",1,0,0
"2020/04/14","Gorontalo",1,0,0
"2020/04/13","Gorontalo",1,0,0
"2020/04/12","Gorontalo",1,0,0
"2020/04/11","Gorontalo",1,0,0
"2020/04/10","Gorontalo",1,0,0
"2020/04/09","Gorontalo",0,0,0
"2020/04/08","Gorontalo",0,0,0
"2020/04/07","Gorontalo",0,0,0
"2020/04/06","Gorontalo",0,0,0
"2020/04/05","Gorontalo",0,0,0
"2020/04/04","Gorontalo",0,0,0
"2020/04/03","Gorontalo",0,0,0
"2020/04/02","Gorontalo",0,0,0
"2020/04/01","Gorontalo",0,0,0
"2020/03/31","Gorontalo",0,0,0
"2020/03/30","Gorontalo",0,0,0
"2020/03/29","Gorontalo",0,0,0
"2020/03/28","Gorontalo",0,0,0
"2020/03/27","Gorontalo",0,0,0
"2020/03/26","Gorontalo",0,0,0
"2020/03/25","Gorontalo",0,0,0
"2020/03/24","Gorontalo",0,0,0
"2020/03/23","Gorontalo",0,0,0
"2020/03/22","Gorontalo",0,0,0
"2020/03/21","Gorontalo",0,0,0
"2020/03/20","Gorontalo",0,0,0
"2020/03/19","Gorontalo",0,0,0
"2020/03/18","Gorontalo",0,0,0
"2020/03/17","Gorontalo",0,0,0
"2020/03/16","Gorontalo",0,0,0
"2020/03/15","Gorontalo",0,0,0
"2020/03/14","Gorontalo",0,0,0
"2020/03/13","Gorontalo",0,0,0
"2020/03/12","Gorontalo",0,0,0
"2020/03/11","Gorontalo",0,0,0
"2020/03/10","Gorontalo",0,0,0
"2020/03/09","Gorontalo",0,0,0
"2020/03/08","Gorontalo",0,0,0
"2020/03/07","Gorontalo",0,0,0
"2020/03/06","Gorontalo",0,0,0
"2020/03/05","Gorontalo",0,0,0
"2020/03/04","Gorontalo",0,0,0
"2020/03/03","Gorontalo",0,0,0
"2020/03/02","Gorontalo",0,0,0
"2020/09/11","Jambi",308,187,5
"2020/09/10","Jambi",308,187,5
"2020/09/08","Jambi",304,181,5
"2020/09/07","Jambi",304,181,5
"2020/09/06","Jambi",304,181,5
"2020/09/05","Jambi",304,181,5
"2020/09/04","Jambi",304,170,5
"2020/09/03","Jambi",303,157,5
"2020/09/02","Jambi",303,156,5
"2020/09/01","Jambi",302,156,5
"2020/08/31","Jambi",302,156,5
"2020/08/30","Jambi",302,149,5
"2020/08/29","Jambi",302,149,5
"2020/08/26","Jambi",289,137,5
"2020/08/25","Jambi",281,133,5
"2020/08/24","Jambi",274,131,5
"2020/08/23","Jambi",274,131,5
"2020/08/22","Jambi",274,131,5
"2020/08/21","Jambi",271,130,5
"2020/08/20","Jambi",250,126,4
"2020/08/19","Jambi",250,126,4
"2020/08/18","Jambi",245,122,4
"2020/08/17","Jambi",245,122,4
"2020/08/16","Jambi",225,121,4
"2020/08/15","Jambi",222,120,4
"2020/08/14","Jambi",222,120,4
"2020/08/12","Jambi",215,119,4
"2020/08/11","Jambi",210,118,4
"2020/08/10","Jambi",210,118,4
"2020/08/09","Jambi",210,117,4
"2020/08/07","Jambi",205,117,4
"2020/08/06","Jambi",193,116,4
"2020/08/05","Jambi",193,116,4
"2020/08/04","Jambi",188,116,4
"2020/08/03","Jambi",169,115,4
"2020/08/02","Jambi",169,115,4
"2020/07/31","Jambi",162,115,4
"2020/07/30","Jambi",156,115,4
"2020/07/28","Jambi",139,112,2
"2020/07/27","Jambi",139,112,2
"2020/07/25","Jambi",139,112,2
"2020/07/24","Jambi",138,111,2
"2020/07/23","Jambi",136,110,2
"2020/07/22","Jambi",136,108,2
"2020/07/21","Jambi",134,104,2
"2020/07/20","Jambi",132,104,2
"2020/07/19","Jambi",132,104,2
"2020/07/18","Jambi",132,101,2
"2020/07/17","Jambi",126,98,2
"2020/07/16","Jambi",125,95,2
"2020/07/15","Jambi",125,95,2
"2020/07/14","Jambi",124,93,2
"2020/07/13","Jambi",122,93,1
"2020/07/12","Jambi",122,93,1
"2020/07/11","Jambi",122,84,1
"2020/07/10","Jambi",122,84,1
"2020/07/09","Jambi",122,81,1
"2020/07/08","Jambi",121,81,1
"2020/07/07","Jambi",121,81,1
"2020/07/06","Jambi",120,81,1
"2020/07/05","Jambi",120,81,0
"2020/07/04","Jambi",117,77,0
"2020/07/03","Jambi",117,77,0
"2020/07/02","Jambi",117,77,0
"2020/07/01","Jambi",117,77,0
"2020/06/30","Jambi",117,69,0
"2020/06/29","Jambi",117,69,0
"2020/06/28","Jambi",117,69,0
"2020/06/27","Jambi",117,69,0
"2020/06/26","Jambi",114,66,0
"2020/06/25","Jambi",114,66,0
"2020/06/24","Jambi",114,66,0
"2020/06/23","Jambi",114,66,0
"2020/06/22","Jambi",112,46,0
"2020/06/21","Jambi",112,46,0
"2020/06/20","Jambi",112,46,0
"2020/06/19","Jambi",112,46,0
"2020/06/18","Jambi",109,45,0
"2020/06/17","Jambi",109,45,0
"2020/06/16","Jambi",108,45,0
"2020/06/15","Jambi",108,37,0
"2020/06/14","Jambi",108,37,0
"2020/06/13","Jambi",108,37,0
"2020/06/12","Jambi",106,27,0
"2020/06/11","Jambi",105,27,0
"2020/06/10","Jambi",105,27,0
"2020/06/09","Jambi",103,27,0
"2020/06/08","Jambi",103,27,0
"2020/06/07","Jambi",103,27,0
"2020/06/06","Jambi",103,27,0
"2020/06/05","Jambi",101,27,0
"2020/06/04","Jambi",99,27,0
"2020/06/03","Jambi",97,17,0
"2020/06/02","Jambi",97,15,0
"2020/06/01","Jambi",97,15,0
"2020/05/31","Jambi",97,15,0
"2020/05/30","Jambi",97,15,0
"2020/05/29","Jambi",97,15,0
"2020/05/28","Jambi",97,15,0
"2020/05/27","Jambi",97,15,0
"2020/05/26","Jambi",97,15,0
"2020/05/25","Jambi",97,15,0
"2020/05/24","Jambi",95,13,0
"2020/05/23","Jambi",91,8,0
"2020/05/22","Jambi",91,8,0
"2020/05/21","Jambi",89,4,0
"2020/05/20","Jambi",89,4,0
"2020/05/19","Jambi",84,4,0
"2020/05/18","Jambi",81,4,0
"2020/05/17","Jambi",80,4,0
"2020/05/16","Jambi",79,3,0
"2020/05/15","Jambi",69,3,0
"2020/05/14","Jambi",66,3,0
"2020/05/13","Jambi",65,3,0
"2020/05/12","Jambi",65,3,0
"2020/05/11","Jambi",65,3,0
"2020/05/10","Jambi",64,3,0
"2020/05/09","Jambi",62,1,0
"2020/05/08","Jambi",47,1,0
"2020/05/07","Jambi",47,1,0
"2020/05/06","Jambi",47,1,0
"2020/05/05","Jambi",43,1,0
"2020/05/04","Jambi",38,1,0
"2020/05/03","Jambi",38,1,0
"2020/05/02","Jambi",32,1,0
"2020/05/01","Jambi",32,1,0
"2020/04/30","Jambi",32,1,0
"2020/04/29","Jambi",32,1,0
"2020/04/28","Jambi",32,1,0
"2020/04/27","Jambi",32,1,0
"2020/04/26","Jambi",32,1,0
"2020/04/25","Jambi",21,1,0
"2020/04/24","Jambi",18,1,0
"2020/04/23","Jambi",14,1,0
"2020/04/22","Jambi",13,1,0
"2020/04/21","Jambi",13,1,0
"2020/04/20","Jambi",8,1,0
"2020/04/19","Jambi",8,0,0
"2020/04/18","Jambi",8,0,0
"2020/04/17","Jambi",8,0,0
"2020/04/16","Jambi",7,0,0
"2020/04/15","Jambi",6,0,0
"2020/04/14","Jambi",5,0,0
"2020/04/13","Jambi",4,0,0
"2020/04/12","Jambi",4,0,0
"2020/04/11","Jambi",4,0,0
"2020/04/10","Jambi",2,0,0
"2020/04/09","Jambi",2,0,0
"2020/04/08","Jambi",2,0,0
"2020/04/07","Jambi",2,0,0
"2020/04/06","Jambi",2,0,0
"2020/04/05","Jambi",2,0,0
"2020/04/04","Jambi",2,0,0
"2020/04/03","Jambi",2,0,0
"2020/04/02","Jambi",2,0,0
"2020/04/01","Jambi",2,0,0
"2020/03/31","Jambi",2,0,0
"2020/03/30","Jambi",2,0,0
"2020/03/29","Jambi",1,0,0
"2020/03/28","Jambi",1,0,0
"2020/03/27","Jambi",1,0,0
"2020/03/26","Jambi",1,0,0
"2020/03/25","Jambi",1,0,0
"2020/03/24","Jambi",1,0,0
"2020/03/23","Jambi",1,0,0
"2020/03/22","Jambi",0,0,0
"2020/03/21","Jambi",0,0,0
"2020/03/20","Jambi",0,0,0
"2020/03/19","Jambi",0,0,0
"2020/03/18","Jambi",0,0,0
"2020/03/17","Jambi",0,0,0
"2020/03/16","Jambi",0,0,0
"2020/03/15","Jambi",0,0,0
"2020/03/14","Jambi",0,0,0
"2020/03/13","Jambi",0,0,0
"2020/03/12","Jambi",0,0,0
"2020/03/11","Jambi",0,0,0
"2020/03/10","Jambi",0,0,0
"2020/03/09","Jambi",0,0,0
"2020/03/08","Jambi",0,0,0
"2020/03/07","Jambi",0,0,0
"2020/03/06","Jambi",0,0,0
"2020/03/05","Jambi",0,0,0
"2020/03/04","Jambi",0,0,0
"2020/03/03","Jambi",0,0,0
"2020/03/02","Jambi",0,0,0
"2020/09/11","Jawa Barat",13333,6766,286
"2020/09/10","Jawa Barat",13333,6766,286
"2020/09/08","Jawa Barat",13045,6718,283
"2020/09/07","Jawa Barat",12709,6642,281
"2020/09/06","Jawa Barat",12332,6500,281
"2020/09/05","Jawa Barat",12332,6500,281
"2020/09/04","Jawa Barat",12104,6455,281
"2020/09/03","Jawa Barat",11719,6369,280
"2020/09/02","Jawa Barat",11481,6339,276
"2020/09/01","Jawa Barat",11278,6202,275
"2020/08/31","Jawa Barat",11063,6150,273
"2020/08/30","Jawa Barat",10918,6093,265
"2020/08/29","Jawa Barat",10815,6072,265
"2020/08/26","Jawa Barat",9848,5911,263
"2020/08/25","Jawa Barat",9670,5881,263
"2020/08/24","Jawa Barat",9420,5876,262
"2020/08/23","Jawa Barat",9283,5668,259
"2020/08/22","Jawa Barat",9215,5151,258
"2020/08/21","Jawa Barat",9081,4970,252
"2020/08/20","Jawa Barat",8988,4848,244
"2020/08/19","Jawa Barat",8789,4777,242
"2020/08/18","Jawa Barat",8685,4729,238
"2020/08/17","Jawa Barat",8640,4713,238
"2020/08/16","Jawa Barat",8595,4668,237
"2020/08/15","Jawa Barat",8275,4591,235
"2020/08/14","Jawa Barat",8275,4591,235
"2020/08/12","Jawa Barat",7803,4554,233
"2020/08/11","Jawa Barat",7694,4483,232
"2020/08/10","Jawa Barat",7599,4444,228
"2020/08/09","Jawa Barat",7387,4352,224
"2020/08/07","Jawa Barat",7147,4315,221
"2020/08/06","Jawa Barat",6995,4252,217
"2020/08/05","Jawa Barat",6912,4220,216
"2020/08/04","Jawa Barat",6787,4210,216
"2020/08/03","Jawa Barat",6693,4040,210
"2020/08/02","Jawa Barat",6637,3992,210
"2020/07/31","Jawa Barat",6532,3966,210
"2020/07/30","Jawa Barat",6461,3949,210
"2020/07/28","Jawa Barat",6084,2934,206
"2020/07/27","Jawa Barat",6039,2528,206
"2020/07/25","Jawa Barat",5988,2505,206
"2020/07/24","Jawa Barat",5915,2471,206
"2020/07/23","Jawa Barat",5824,2452,206
"2020/07/22","Jawa Barat",5741,2420,203
"2020/07/21","Jawa Barat",5659,2349,199
"2020/07/20","Jawa Barat",5548,2272,190
"2020/07/19","Jawa Barat",5548,2272,190
"2020/07/18","Jawa Barat",5461,2174,190
"2020/07/17","Jawa Barat",5402,2143,188
"2020/07/16","Jawa Barat",5350,2102,187
"2020/07/15","Jawa Barat",5310,2064,187
"2020/07/14","Jawa Barat",5235,1924,186
"2020/07/13","Jawa Barat",5160,1896,186
"2020/07/12","Jawa Barat",5077,1877,186
"2020/07/11","Jawa Barat",5027,1867,186
"2020/07/10","Jawa Barat",4951,1839,186
"2020/07/09","Jawa Barat",4843,1811,186
"2020/07/08","Jawa Barat",3878,1784,182
"2020/07/07","Jawa Barat",3779,1763,180
"2020/07/06","Jawa Barat",3700,1718,178
"2020/07/05","Jawa Barat",3574,1702,177
"2020/07/04","Jawa Barat",3463,1685,177
"2020/07/03","Jawa Barat",3374,1668,177
"2020/07/02","Jawa Barat",3344,1665,177
"2020/07/01","Jawa Barat",3276,1622,177
"2020/06/30","Jawa Barat",3218,1607,176
"2020/06/29","Jawa Barat",3134,1522,175
"2020/06/28","Jawa Barat",3091,1520,175
"2020/06/27","Jawa Barat",3064,1513,175
"2020/06/26","Jawa Barat",3014,1498,175
"2020/06/25","Jawa Barat",2977,1388,173
"2020/06/24","Jawa Barat",2945,1326,171
"2020/06/23","Jawa Barat",2901,1317,171
"2020/06/22","Jawa Barat",2865,1287,171
"2020/06/21","Jawa Barat",2848,1263,171
"2020/06/20","Jawa Barat",2828,1261,171
"2020/06/19","Jawa Barat",2805,1261,171
"2020/06/18","Jawa Barat",2758,1231,171
"2020/06/17","Jawa Barat",2703,1177,169
"2020/06/16","Jawa Barat",2662,1151,162
"2020/06/15","Jawa Barat",2623,1142,162
"2020/06/14","Jawa Barat",2604,1135,161
"2020/06/13","Jawa Barat",2587,1093,161
"2020/06/12","Jawa Barat",2572,1057,161
"2020/06/11","Jawa Barat",2551,1016,161
"2020/06/10","Jawa Barat",2506,995,161
"2020/06/09","Jawa Barat",2448,962,161
"2020/06/08","Jawa Barat",2424,952,161
"2020/06/07","Jawa Barat",2404,878,158
"2020/06/06","Jawa Barat",2376,779,158
"2020/06/05","Jawa Barat",2366,764,158
"2020/06/04","Jawa Barat",2354,719,155
"2020/06/03","Jawa Barat",2319,701,154
"2020/06/02","Jawa Barat",2314,648,151
"2020/06/01","Jawa Barat",2294,619,144
"2020/05/31","Jawa Barat",2260,619,144
"2020/05/30","Jawa Barat",2231,616,144
"2020/05/29","Jawa Barat",2211,592,142
"2020/05/28","Jawa Barat",2181,586,142
"2020/05/27","Jawa Barat",2157,542,142
"2020/05/26","Jawa Barat",2130,505,137
"2020/05/25","Jawa Barat",2113,479,128
"2020/05/24","Jawa Barat",2091,479,128
"2020/05/23","Jawa Barat",2045,471,127
"2020/05/22","Jawa Barat",2002,432,125
"2020/05/21","Jawa Barat",1962,422,124
"2020/05/20","Jawa Barat",1876,412,124
"2020/05/19","Jawa Barat",1700,411,124
"2020/05/18","Jawa Barat",1677,397,123
"2020/05/17","Jawa Barat",1652,320,110
"2020/05/16","Jawa Barat",1618,262,100
"2020/05/15","Jawa Barat",1596,259,100
"2020/05/14","Jawa Barat",1565,242,99
"2020/05/13","Jawa Barat",1556,237,98
"2020/05/12","Jawa Barat",1545,213,98
"2020/05/11","Jawa Barat",1493,213,95
"2020/05/10","Jawa Barat",1437,202,95
"2020/05/09","Jawa Barat",1437,202,95
"2020/05/08","Jawa Barat",1404,184,92
"2020/05/07","Jawa Barat",1381,182,90
"2020/05/06","Jawa Barat",1320,177,90
"2020/05/05","Jawa Barat",1300,167,87
"2020/05/04","Jawa Barat",1252,159,86
"2020/05/03","Jawa Barat",1054,152,85
"2020/05/02","Jawa Barat",1043,147,84
"2020/05/01","Jawa Barat",1012,145,83
"2020/04/30","Jawa Barat",1012,143,83
"2020/04/29","Jawa Barat",1009,107,79
"2020/04/28","Jawa Barat",969,103,79
"2020/04/27","Jawa Barat",951,96,78
"2020/04/26","Jawa Barat",912,93,77
"2020/04/25","Jawa Barat",907,93,77
"2020/04/24","Jawa Barat",862,90,77
"2020/04/23","Jawa Barat",784,87,74
"2020/04/22","Jawa Barat",762,79,71
"2020/04/21","Jawa Barat",756,75,68
"2020/04/20","Jawa Barat",747,56,62
"2020/04/19","Jawa Barat",696,45,59
"2020/04/18","Jawa Barat",641,41,56
"2020/04/17","Jawa Barat",632,41,56
"2020/04/16","Jawa Barat",570,28,53
"2020/04/15","Jawa Barat",559,23,52
"2020/04/14","Jawa Barat",530,23,52
"2020/04/13","Jawa Barat",540,22,52
"2020/04/12","Jawa Barat",450,19,43
"2020/04/11","Jawa Barat",421,19,40
"2020/04/10","Jawa Barat",388,19,40
"2020/04/09","Jawa Barat",376,19,40
"2020/04/08","Jawa Barat",365,17,35
"2020/04/07","Jawa Barat",343,17,29
"2020/04/06","Jawa Barat",263,13,29
"2020/04/05","Jawa Barat",252,12,28
"2020/04/04","Jawa Barat",247,12,28
"2020/04/03","Jawa Barat",225,12,25
"2020/04/02","Jawa Barat",223,11,25
"2020/04/01","Jawa Barat",220,11,21
"2020/03/31","Jawa Barat",198,11,21
"2020/03/30","Jawa Barat",180,8,20
"2020/03/29","Jawa Barat",149,6,19
"2020/03/28","Jawa Barat",119,6,17
"2020/03/27","Jawa Barat",98,5,14
"2020/03/26","Jawa Barat",78,5,11
"2020/03/25","Jawa Barat",73,5,10
"2020/03/24","Jawa Barat",60,5,10
"2020/03/23","Jawa Barat",59,5,9
"2020/03/22","Jawa Barat",59,5,9
"2020/03/21","Jawa Barat",55,1,7
"2020/03/20","Jawa Barat",41,0,7
"2020/03/19","Jawa Barat",26,0,1
"2020/03/18","Jawa Barat",24,0,1
"2020/03/17","Jawa Barat",12,0,0
"2020/03/16","Jawa Barat",9,0,0
"2020/03/15","Jawa Barat",8,0,0
"2020/03/14","Jawa Barat",8,0,0
"2020/03/13","Jawa Barat",5,0,0
"2020/03/12","Jawa Barat",3,0,0
"2020/03/11","Jawa Barat",3,0,0
"2020/03/10","Jawa Barat",2,0,0
"2020/03/09","Jawa Barat",2,0,0
"2020/03/08","Jawa Barat",0,0,0
"2020/03/07","Jawa Barat",0,0,0
"2020/03/06","Jawa Barat",0,0,0
"2020/03/05","Jawa Barat",0,0,0
"2020/03/04","Jawa Barat",0,0,0
"2020/03/03","Jawa Barat",0,0,0
"2020/03/02","Jawa Barat",0,0,0
"2020/09/11","Jawa Tengah",16133,10491,1106
"2020/09/10","Jawa Tengah",16133,10491,1106
"2020/09/08","Jawa Tengah",15852,10329,1096
"2020/09/07","Jawa Tengah",15615,10181,1090
"2020/09/06","Jawa Tengah",15118,9834,1076
"2020/09/05","Jawa Tengah",15118,9834,1076
"2020/09/04","Jawa Tengah",14860,9549,1066
"2020/09/03","Jawa Tengah",14670,9429,1061
"2020/09/02","Jawa Tengah",14428,9294,1043
"2020/09/01","Jawa Tengah",14164,9094,1012
"2020/08/31","Jawa Tengah",13964,8973,998
"2020/08/30","Jawa Tengah",13785,8873,990
"2020/08/29","Jawa Tengah",13647,8791,975
"2020/08/26","Jawa Tengah",12973,8366,904
"2020/08/25","Jawa Tengah",12826,8208,874
"2020/08/24","Jawa Tengah",12628,8088,849
"2020/08/23","Jawa Tengah",12476,7989,846
"2020/08/22","Jawa Tengah",12288,7931,834
"2020/08/21","Jawa Tengah",12188,7788,818
"2020/08/20","Jawa Tengah",12092,7688,813
"2020/08/19","Jawa Tengah",11924,7552,809
"2020/08/18","Jawa Tengah",11793,7422,801
"2020/08/17","Jawa Tengah",11675,7327,791
"2020/08/16","Jawa Tengah",11639,7285,786
"2020/08/15","Jawa Tengah",11340,7164,774
"2020/08/14","Jawa Tengah",11340,7164,774
"2020/08/12","Jawa Tengah",10944,7008,751
"2020/08/11","Jawa Tengah",10765,6877,731
"2020/08/10","Jawa Tengah",10679,6787,728
"2020/08/09","Jawa Tengah",10471,6571,720
"2020/08/07","Jawa Tengah",10383,6503,709
"2020/08/06","Jawa Tengah",10151,6309,700
"2020/08/05","Jawa Tengah",10036,6135,680
"2020/08/04","Jawa Tengah",9887,5980,665
"2020/08/03","Jawa Tengah",9827,5880,665
"2020/08/02","Jawa Tengah",9732,5770,655
"2020/07/31","Jawa Tengah",9516,5319,624
"2020/07/30","Jawa Tengah",9281,5139,606
"2020/07/28","Jawa Tengah",8622,4265,574
"2020/07/27","Jawa Tengah",8412,4150,564
"2020/07/25","Jawa Tengah",8336,4050,554
"2020/07/24","Jawa Tengah",8145,3950,544
"2020/07/23","Jawa Tengah",8021,3850,504
"2020/07/22","Jawa Tengah",7726,3720,444
"2020/07/21","Jawa Tengah",7407,3590,374
"2020/07/20","Jawa Tengah",7286,3490,359
"2020/07/19","Jawa Tengah",7286,3490,359
"2020/07/18","Jawa Tengah",6632,2770,300
"2020/07/17","Jawa Tengah",6366,2535,285
"2020/07/16","Jawa Tengah",6128,2195,267
"2020/07/15","Jawa Tengah",5914,2115,258
"2020/07/14","Jawa Tengah",5653,1995,240
"2020/07/13","Jawa Tengah",5573,1965,240
"2020/07/12","Jawa Tengah",5473,1935,240
"2020/07/11","Jawa Tengah",5403,1905,235
"2020/07/10","Jawa Tengah",5303,1855,235
"2020/07/09","Jawa Tengah",5203,1717,225
"2020/07/08","Jawa Tengah",5083,1687,225
"2020/07/07","Jawa Tengah",4878,1617,220
"2020/07/06","Jawa Tengah",4738,1567,215
"2020/07/05","Jawa Tengah",4611,1507,200
"2020/07/04","Jawa Tengah",4403,1457,185
"2020/07/03","Jawa Tengah",4293,1407,170
"2020/07/02","Jawa Tengah",4159,1357,170
"2020/07/01","Jawa Tengah",4006,1259,160
"2020/06/30","Jawa Tengah",3833,1159,150
"2020/06/29","Jawa Tengah",3680,1109,150
"2020/06/28","Jawa Tengah",3482,1066,150
"2020/06/27","Jawa Tengah",3294,1052,150
"2020/06/26","Jawa Tengah",3097,1030,150
"2020/06/25","Jawa Tengah",2920,1030,150
"2020/06/24","Jawa Tengah",2842,1030,150
"2020/06/23","Jawa Tengah",2766,1020,148
"2020/06/22","Jawa Tengah",2717,970,144
"2020/06/21","Jawa Tengah",2668,942,143
"2020/06/20","Jawa Tengah",2569,920,143
"2020/06/19","Jawa Tengah",2471,900,143
"2020/06/18","Jawa Tengah",2391,880,130
"2020/06/17","Jawa Tengah",2346,860,121
"2020/06/16","Jawa Tengah",2231,795,121
"2020/06/15","Jawa Tengah",2175,765,121
"2020/06/14","Jawa Tengah",2059,729,104
"2020/06/13","Jawa Tengah",1946,709,103
"2020/06/12","Jawa Tengah",1876,681,103
"2020/06/11","Jawa Tengah",1832,631,103
"2020/06/10","Jawa Tengah",1813,626,103
"2020/06/09","Jawa Tengah",1674,508,103
"2020/06/08","Jawa Tengah",1642,428,98
"2020/06/07","Jawa Tengah",1615,418,98
"2020/06/06","Jawa Tengah",1564,409,76
"2020/06/05","Jawa Tengah",1537,407,76
"2020/06/04","Jawa Tengah",1479,372,71
"2020/06/03","Jawa Tengah",1455,371,71
"2020/06/02","Jawa Tengah",1432,371,70
"2020/06/01","Jawa Tengah",1417,370,70
"2020/05/31","Jawa Tengah",1403,361,70
"2020/05/30","Jawa Tengah",1366,355,70
"2020/05/29","Jawa Tengah",1350,336,70
"2020/05/28","Jawa Tengah",1336,276,70
"2020/05/27","Jawa Tengah",1326,275,70
"2020/05/26","Jawa Tengah",1315,275,70
"2020/05/25","Jawa Tengah",1311,260,70
"2020/05/24","Jawa Tengah",1309,259,70
"2020/05/23","Jawa Tengah",1288,255,70
"2020/05/22","Jawa Tengah",1234,255,70
"2020/05/21","Jawa Tengah",1217,255,70
"2020/05/20","Jawa Tengah",1192,253,70
"2020/05/19","Jawa Tengah",1175,252,70
"2020/05/18","Jawa Tengah",1165,252,70
"2020/05/17","Jawa Tengah",1157,247,70
"2020/05/16","Jawa Tengah",1140,247,70
"2020/05/15","Jawa Tengah",1109,234,70
"2020/05/14","Jawa Tengah",1066,229,66
"2020/05/13","Jawa Tengah",1023,229,66
"2020/05/12","Jawa Tengah",989,229,66
"2020/05/11","Jawa Tengah",980,229,66
"2020/05/10","Jawa Tengah",978,173,66
"2020/05/09","Jawa Tengah",959,173,66
"2020/05/08","Jawa Tengah",933,161,65
"2020/05/07","Jawa Tengah",904,145,64
"2020/05/06","Jawa Tengah",891,145,64
"2020/05/05","Jawa Tengah",849,132,62
"2020/05/04","Jawa Tengah",798,112,62
"2020/05/03","Jawa Tengah",776,112,62
"2020/05/02","Jawa Tengah",767,112,62
"2020/05/01","Jawa Tengah",746,112,60
"2020/04/30","Jawa Tengah",724,102,59
"2020/04/29","Jawa Tengah",711,101,59
"2020/04/28","Jawa Tengah",682,89,58
"2020/04/27","Jawa Tengah",666,88,58
"2020/04/26","Jawa Tengah",649,72,58
"2020/04/25","Jawa Tengah",621,58,54
"2020/04/24","Jawa Tengah",575,58,54
"2020/04/23","Jawa Tengah",538,54,53
"2020/04/22","Jawa Tengah",479,54,53
"2020/04/21","Jawa Tengah",449,51,44
"2020/04/20","Jawa Tengah",351,51,44
"2020/04/19","Jawa Tengah",349,51,44
"2020/04/18","Jawa Tengah",329,44,41
"2020/04/17","Jawa Tengah",304,36,41
"2020/04/16","Jawa Tengah",300,19,27
"2020/04/15","Jawa Tengah",292,19,27
"2020/04/14","Jawa Tengah",278,19,26
"2020/04/13","Jawa Tengah",203,19,25
"2020/04/12","Jawa Tengah",200,19,25
"2020/04/11","Jawa Tengah",144,18,22
"2020/04/10","Jawa Tengah",144,18,22
"2020/04/09","Jawa Tengah",144,18,22
"2020/04/08","Jawa Tengah",140,14,22
"2020/04/07","Jawa Tengah",133,14,22
"2020/04/06","Jawa Tengah",132,14,22
"2020/04/05","Jawa Tengah",120,14,18
"2020/04/04","Jawa Tengah",120,11,18
"2020/04/03","Jawa Tengah",114,11,18
"2020/04/02","Jawa Tengah",104,0,7
"2020/04/01","Jawa Tengah",104,0,7
"2020/03/31","Jawa Tengah",93,0,7
"2020/03/30","Jawa Tengah",81,0,7
"2020/03/29","Jawa Tengah",63,0,7
"2020/03/28","Jawa Tengah",55,0,7
"2020/03/27","Jawa Tengah",43,0,6
"2020/03/26","Jawa Tengah",40,0,6
"2020/03/25","Jawa Tengah",38,0,4
"2020/03/24","Jawa Tengah",19,0,3
"2020/03/23","Jawa Tengah",15,0,3
"2020/03/22","Jawa Tengah",15,0,3
"2020/03/21","Jawa Tengah",14,0,3
"2020/03/20","Jawa Tengah",12,0,3
"2020/03/19","Jawa Tengah",12,0,2
"2020/03/18","Jawa Tengah",8,0,2
"2020/03/17","Jawa Tengah",6,0,1
"2020/03/16","Jawa Tengah",5,0,1
"2020/03/15","Jawa Tengah",4,0,1
"2020/03/14","Jawa Tengah",2,0,1
"2020/03/13","Jawa Tengah",2,0,1
"2020/03/12","Jawa Tengah",0,0,0
"2020/03/11","Jawa Tengah",0,0,0
"2020/03/10","Jawa Tengah",0,0,0
"2020/03/09","Jawa Tengah",0,0,0
"2020/03/08","Jawa Tengah",0,0,0
"2020/03/07","Jawa Tengah",0,0,0
"2020/03/06","Jawa Tengah",0,0,0
"2020/03/05","Jawa Tengah",0,0,0
"2020/03/04","Jawa Tengah",0,0,0
"2020/03/03","Jawa Tengah",0,0,0
"2020/03/02","Jawa Tengah",0,0,0
"2020/09/11","Jawa Timur",36712,29071,2646
"2020/09/10","Jawa Timur",36712,29071,2646
"2020/09/08","Jawa Timur",36342,28731,2608
"2020/09/07","Jawa Timur",35941,28389,2576
"2020/09/06","Jawa Timur",35331,27680,2515
"2020/09/05","Jawa Timur",35331,27680,2515
"2020/09/04","Jawa Timur",35005,27401,2488
"2020/09/03","Jawa Timur",34655,27117,2459
"2020/09/02","Jawa Timur",34278,26777,2425
"2020/09/01","Jawa Timur",33893,26463,2396
"2020/08/31","Jawa Timur",33543,26139,2370
"2020/08/30","Jawa Timur",33220,25756,2349
"2020/08/29","Jawa Timur",32754,25533,2323
"2020/08/26","Jawa Timur",31329,24649,2252
"2020/08/25","Jawa Timur",30998,24301,2222
"2020/08/24","Jawa Timur",30635,23953,2195
"2020/08/23","Jawa Timur",30315,23632,2172
"2020/08/22","Jawa Timur",30036,23301,2153
"2020/08/21","Jawa Timur",29715,22899,2128
"2020/08/20","Jawa Timur",29257,22485,2098
"2020/08/19","Jawa Timur",28886,22076,2074
"2020/08/18","Jawa Timur",28551,21632,2055
"2020/08/17","Jawa Timur",28239,21255,2037
"2020/08/16","Jawa Timur",27903,20839,2023
"2020/08/15","Jawa Timur",26979,20016,1967
"2020/08/14","Jawa Timur",26979,20016,1967
"2020/08/12","Jawa Timur",26220,19125,1931
"2020/08/11","Jawa Timur",25917,18780,1915
"2020/08/10","Jawa Timur",25626,18417,1894
"2020/08/09","Jawa Timur",24922,17685,1856
"2020/08/07","Jawa Timur",24493,17221,1834
"2020/08/06","Jawa Timur",24115,16732,1817
"2020/08/05","Jawa Timur",23829,16267,1799
"2020/08/04","Jawa Timur",23412,15877,1781
"2020/08/03","Jawa Timur",22982,15534,1741
"2020/08/02","Jawa Timur",22504,15068,1719
"2020/07/31","Jawa Timur",22089,14415,1698
"2020/07/30","Jawa Timur",21772,14064,1677
"2020/07/28","Jawa Timur",20812,12680,1608
"2020/07/27","Jawa Timur",20539,12318,1589
"2020/07/25","Jawa Timur",20256,11955,1572
"2020/07/24","Jawa Timur",19946,11546,1554
"2020/07/23","Jawa Timur",19450,11125,1525
"2020/07/22","Jawa Timur",19093,10460,1496
"2020/07/21","Jawa Timur",18828,10065,1461
"2020/07/20","Jawa Timur",18545,9717,1433
"2020/07/19","Jawa Timur",18545,9717,1433
"2020/07/18","Jawa Timur",18033,8868,1349
"2020/07/17","Jawa Timur",17829,8313,1338
"2020/07/16","Jawa Timur",17574,7926,1301
"2020/07/15","Jawa Timur",17395,7482,1275
"2020/07/14","Jawa Timur",17230,6961,1247
"2020/07/13","Jawa Timur",16877,6609,1226
"2020/07/12","Jawa Timur",16658,6341,1208
"2020/07/11","Jawa Timur",16140,6134,1188
"2020/07/10","Jawa Timur",15730,5816,1152
"2020/07/09","Jawa Timur",15484,5582,1125
"2020/07/08","Jawa Timur",14967,5319,1102
"2020/07/07","Jawa Timur",14601,5114,1079
"2020/07/06","Jawa Timur",14321,4996,1053
"2020/07/05","Jawa Timur",14013,4892,1020
"2020/07/04","Jawa Timur",13461,4738,996
"2020/07/03","Jawa Timur",13048,4638,969
"2020/07/02","Jawa Timur",12695,4391,948
"2020/07/01","Jawa Timur",12321,4199,926
"2020/06/30","Jawa Timur",12136,4012,893
"2020/06/29","Jawa Timur",11805,3891,863
"2020/06/28","Jawa Timur",11508,3720,831
"2020/06/27","Jawa Timur",11178,3619,813
"2020/06/26","Jawa Timur",10901,3429,796
"2020/06/25","Jawa Timur",10545,3236,764
"2020/06/24","Jawa Timur",10298,2995,750
"2020/06/23","Jawa Timur",10115,2915,741
"2020/06/22","Jawa Timur",9857,2855,728
"2020/06/21","Jawa Timur",9542,2789,715
"2020/06/20","Jawa Timur",9451,2664,698
"2020/06/19","Jawa Timur",9057,2562,678
"2020/06/18","Jawa Timur",8917,2459,664
"2020/06/17","Jawa Timur",8533,2381,651
"2020/06/16","Jawa Timur",8308,2325,637
"2020/06/15","Jawa Timur",8063,2254,616
"2020/06/14","Jawa Timur",7793,2192,600
"2020/06/13","Jawa Timur",7597,2117,589
"2020/06/12","Jawa Timur",7421,1865,575
"2020/06/11","Jawa Timur",7103,1793,553
"2020/06/10","Jawa Timur",6806,1681,530
"2020/06/09","Jawa Timur",6533,1584,514
"2020/06/08","Jawa Timur",6313,1499,502
"2020/06/07","Jawa Timur",5948,1409,483
"2020/06/06","Jawa Timur",5835,1361,463
"2020/06/05","Jawa Timur",5549,1207,446
"2020/06/04","Jawa Timur",5408,1089,437
"2020/06/03","Jawa Timur",5318,799,429
"2020/06/02","Jawa Timur",5135,699,418
"2020/06/01","Jawa Timur",4922,654,412
"2020/05/31","Jawa Timur",4857,609,396
"2020/05/30","Jawa Timur",4613,589,372
"2020/05/29","Jawa Timur",4414,570,345
"2020/05/28","Jawa Timur",4313,548,334
"2020/05/27","Jawa Timur",4142,522,320
"2020/05/26","Jawa Timur",3943,506,301
"2020/05/25","Jawa Timur",3886,489,292
"2020/05/24","Jawa Timur",3663,465,283
"2020/05/23","Jawa Timur",3595,426,271
"2020/05/22","Jawa Timur",3129,413,256
"2020/05/21","Jawa Timur",2998,403,241
"2020/05/20","Jawa Timur",2496,387,228
"2020/05/19","Jawa Timur",2377,375,222
"2020/05/18","Jawa Timur",2296,337,209
"2020/05/17","Jawa Timur",2152,312,194
"2020/05/16","Jawa Timur",2105,302,183
"2020/05/15","Jawa Timur",1921,294,178
"2020/05/14","Jawa Timur",1863,278,167
"2020/05/13","Jawa Timur",1772,274,163
"2020/05/12","Jawa Timur",1669,258,155
"2020/05/11","Jawa Timur",1536,244,149
"2020/05/10","Jawa Timur",1502,230,143
"2020/05/09","Jawa Timur",1419,227,141
"2020/05/08","Jawa Timur",1284,215,138
"2020/05/07","Jawa Timur",1267,206,133
"2020/05/06","Jawa Timur",1221,199,123
"2020/05/05","Jawa Timur",1171,180,117
"2020/05/04","Jawa Timur",1124,178,117
"2020/05/03","Jawa Timur",1117,174,111
"2020/05/02","Jawa Timur",1037,165,106
"2020/05/01","Jawa Timur",1034,162,99
"2020/04/30","Jawa Timur",958,157,96
"2020/04/29","Jawa Timur",872,152,95
"2020/04/28","Jawa Timur",857,144,90
"2020/04/27","Jawa Timur",796,140,88
"2020/04/26","Jawa Timur",785,138,87
"2020/04/25","Jawa Timur",770,133,75
"2020/04/24","Jawa Timur",690,128,67
"2020/04/23","Jawa Timur",664,112,60
"2020/04/22","Jawa Timur",638,101,58
"2020/04/21","Jawa Timur",603,100,56
"2020/04/20","Jawa Timur",590,98,56
"2020/04/19","Jawa Timur",590,98,54
"2020/04/18","Jawa Timur",555,96,49
"2020/04/17","Jawa Timur",522,94,46
