"Date","Location","KASUS","SEMBUH","DIRAWAT_OR_ISOLASI","MENINGGAL","AKUMULASI_KASUS","AKUMULASI_SEMBUH","AKUMULASI_DIRAWAT_OR_ISOLASI","AKUMULASI_MENINGGAL"
"2020-03-26","ACEH",1,0,1,0,1,0,1,0
"2020-03-27","ACEH",3,0,3,0,4,0,4,0
"2020-03-28","ACEH",1,0,1,0,5,0,5,0
"2020-03-29","ACEH",0,0,0,0,5,0,5,0
"2020-03-30","ACEH",0,0,0,0,5,0,5,0
"2020-03-31","ACEH",0,0,0,0,5,0,5,0
"2020-04-01","ACEH",0,0,0,0,5,0,5,0
"2020-04-02","ACEH",0,0,0,0,5,0,5,0
"2020-04-03","ACEH",0,0,0,0,5,0,5,0
"2020-04-04","ACEH",0,0,0,0,5,0,5,0
"2020-04-05","ACEH",0,0,0,0,5,0,5,0
"2020-04-06","ACEH",0,0,0,0,5,0,5,0
"2020-04-07","ACEH",0,0,0,0,5,0,5,0
"2020-04-08","ACEH",0,0,0,0,5,0,5,0
"2020-04-09","ACEH",0,1,-1,0,5,1,4,0
"2020-04-10","ACEH",0,0,0,0,5,1,4,0
"2020-04-11","ACEH",0,0,0,0,5,1,4,0
"2020-04-12","ACEH",0,0,0,0,5,1,4,0
"2020-04-13","ACEH",0,2,-2,0,5,3,2,0
"2020-04-14","ACEH",0,0,0,0,5,3,2,0
"2020-04-15","ACEH",0,0,0,0,5,3,2,0
"2020-04-16","ACEH",0,0,0,0,5,3,2,0
"2020-04-17","ACEH",0,0,0,0,5,3,2,0
"2020-04-18","ACEH",1,0,1,0,6,3,3,0
"2020-04-19","ACEH",1,0,1,0,7,3,4,0
"2020-04-20","ACEH",0,0,0,0,7,3,4,0
"2020-04-21","ACEH",0,0,0,0,7,3,4,0
"2020-04-22","ACEH",0,0,0,0,7,3,4,0
"2020-04-23","ACEH",0,0,-1,1,7,3,3,1
"2020-04-24","ACEH",1,0,1,0,8,3,4,1
"2020-04-25","ACEH",1,0,1,0,9,3,5,1
"2020-04-26","ACEH",0,0,0,0,9,3,5,1
"2020-04-27","ACEH",0,1,-1,0,9,4,4,1
"2020-04-28","ACEH",0,1,-1,0,9,5,3,1
"2020-04-29","ACEH",0,1,-1,0,9,6,2,1
"2020-04-30","ACEH",1,0,1,0,10,6,3,1
"2020-05-01","ACEH",1,0,1,0,11,6,4,1
"2020-05-02","ACEH",0,0,0,0,11,6,4,1
"2020-05-03","ACEH",1,2,-1,0,12,8,3,1
"2020-05-04","ACEH",0,0,0,0,12,8,3,1
"2020-05-05","ACEH",0,0,0,0,12,8,3,1
"2020-05-06","ACEH",5,0,5,0,17,8,8,1
"2020-05-07","ACEH",0,0,0,0,17,8,8,1
"2020-05-08","ACEH",0,3,-3,0,17,11,5,1
"2020-05-09","ACEH",0,0,0,0,17,11,5,1
"2020-05-10","ACEH",0,0,0,0,17,11,5,1
"2020-05-11","ACEH",0,1,-1,0,17,12,4,1
"2020-05-12","ACEH",0,0,0,0,17,12,4,1
"2020-05-13","ACEH",0,1,-1,0,17,13,3,1
"2020-05-14","ACEH",0,0,0,0,17,13,3,1
"2020-05-15","ACEH",0,0,0,0,17,13,3,1
"2020-05-16","ACEH",1,2,-1,0,18,15,2,1
"2020-05-17","ACEH",0,0,0,0,18,15,2,1
"2020-05-18","ACEH",0,0,0,0,18,15,2,1
"2020-05-19","ACEH",0,0,0,0,18,15,2,1
"2020-05-20","ACEH",0,0,0,0,18,15,2,1
"2020-05-21","ACEH",0,0,0,0,18,15,2,1
"2020-05-22","ACEH",1,1,0,0,19,16,2,1
"2020-05-23","ACEH",0,1,-1,0,19,17,1,1
"2020-05-24","ACEH",0,0,0,0,19,17,1,1
"2020-05-25","ACEH",0,0,0,0,19,17,1,1
"2020-05-26","ACEH",0,0,0,0,19,17,1,1
"2020-05-27","ACEH",0,0,0,0,19,17,1,1
"2020-05-28","ACEH",1,0,1,0,20,17,2,1
"2020-05-29","ACEH",0,0,0,0,20,17,2,1
"2020-05-30","ACEH",0,0,0,0,20,17,2,1
"2020-05-31","ACEH",0,0,0,0,20,17,2,1
"2020-06-01","ACEH",0,0,0,0,20,17,2,1
"2020-06-02","ACEH",0,0,0,0,20,17,2,1
"2020-06-03","ACEH",0,1,-1,0,20,18,1,1
"2020-06-04","ACEH",0,0,0,0,20,18,1,1
"2020-06-05","ACEH",0,0,0,0,20,18,1,1
"2020-06-06","ACEH",0,0,0,0,20,18,1,1
"2020-06-07","ACEH",0,0,0,0,20,18,1,1
"2020-06-08","ACEH",0,0,0,0,20,18,1,1
"2020-06-09","ACEH",0,0,0,0,20,18,1,1
"2020-06-10","ACEH",2,0,2,0,22,18,3,1
"2020-06-11","ACEH",0,0,0,0,22,18,3,1
"2020-06-12","ACEH",0,0,0,0,22,18,3,1
"2020-06-13","ACEH",0,1,-1,0,22,19,2,1
"2020-06-14","ACEH",5,0,5,0,27,19,7,1
"2020-06-15","ACEH",0,0,0,0,27,19,7,1
"2020-06-16","ACEH",0,1,-1,0,27,20,6,1
"2020-06-17","ACEH",10,0,9,1,37,20,15,2
"2020-06-18","ACEH",1,0,1,0,38,20,16,2
"2020-06-19","ACEH",0,0,0,0,38,20,16,2
"2020-06-20","ACEH",1,0,1,0,39,20,17,2
"2020-06-21","ACEH",10,0,10,0,49,20,27,2
"2020-06-22","ACEH",0,0,0,0,49,20,27,2
"2020-06-23","ACEH",0,0,0,0,49,20,27,2
"2020-06-24","ACEH",4,0,4,0,53,20,31,2
"2020-06-25","ACEH",13,0,13,0,66,20,44,2
"2020-06-26","ACEH",3,0,3,0,69,20,47,2
"2020-06-27","ACEH",8,2,6,0,77,22,53,2
"2020-06-28","ACEH",2,3,-1,0,79,25,52,2
"2020-06-29","ACEH",0,0,-1,1,79,25,51,3
"2020-06-30","ACEH",1,1,0,0,80,26,51,3
"2020-07-01","ACEH",6,5,1,0,86,31,52,3
"2020-07-02","ACEH",0,0,0,0,86,31,52,3
"2020-07-03","ACEH",1,0,1,0,87,31,53,3
"2020-07-04","ACEH",0,0,0,0,87,31,53,3
"2020-07-05","ACEH",0,0,0,0,87,31,53,3
"2020-07-06","ACEH",0,9,-9,0,87,40,44,3
"2020-07-07","ACEH",1,2,-1,0,88,42,43,3
"2020-07-08","ACEH",1,9,-8,0,89,51,35,3
"2020-07-09","ACEH",1,3,-2,0,90,54,33,3
"2020-07-10","ACEH",0,5,-5,0,90,59,28,3
"2020-07-11","ACEH",9,4,4,1,99,63,32,4
"2020-07-12","ACEH",7,0,7,0,106,63,39,4
"2020-07-13","ACEH",0,0,-1,1,106,63,38,5
"2020-07-14","ACEH",4,1,3,0,110,64,41,5
"2020-07-15","ACEH",27,0,25,2,137,64,66,7
"2020-07-16","ACEH",3,1,1,1,140,65,67,8
"2020-07-17","ACEH",5,0,5,0,145,65,72,8
"2020-07-18","ACEH",0,0,0,0,145,65,72,8
"2020-07-19","ACEH",1,0,0,1,146,65,72,9
"2020-07-20","ACEH",2,1,1,0,148,66,73,9
"2020-07-21","ACEH",1,5,-4,0,149,71,69,9
"2020-07-22","ACEH",2,5,-3,0,151,76,66,9
"2020-07-23","ACEH",7,1,5,1,158,77,71,10
"2020-07-24","ACEH",4,12,-8,0,162,89,63,10
"2020-07-25","ACEH",6,2,4,0,168,91,67,10
"2020-07-26","ACEH",0,0,0,0,168,91,67,10
"2020-07-27","ACEH",0,0,0,0,168,91,67,10
"2020-07-28","ACEH",25,0,25,0,193,91,92,10
"2020-07-29","ACEH",45,0,43,2,238,91,135,12
"2020-07-30","ACEH",74,0,74,0,312,91,209,12
"2020-07-31","ACEH",98,0,98,0,410,91,307,12
"2020-08-01","ACEH",0,0,0,0,410,91,307,12
"2020-08-02","ACEH",21,0,18,3,431,91,325,15
"2020-08-03","ACEH",2,0,0,2,433,91,325,17
"2020-08-04","ACEH",7,0,7,0,440,91,332,17
"2020-08-05","ACEH",2,0,1,1,442,91,333,18
"2020-08-06","ACEH",41,0,41,0,483,91,374,18
"2020-08-07","ACEH",53,0,53,0,536,91,427,18
"2020-08-08","ACEH",0,0,0,0,536,91,427,18
"2020-08-09","ACEH",44,0,43,1,580,91,470,19
"2020-08-10","ACEH",96,0,96,0,676,91,566,19
"2020-08-11","ACEH",0,0,0,0,676,91,566,19
"2020-08-12","ACEH",72,100,-30,2,748,191,536,21
"2020-08-13","ACEH",0,0,-1,1,748,191,535,22
"2020-08-14","ACEH",92,0,90,2,840,191,625,24
"2020-08-15","ACEH",25,0,23,2,865,191,648,26
"2020-08-16","ACEH",11,0,11,0,876,191,659,26
"2020-08-17","ACEH",168,0,168,0,1044,191,827,26
"2020-08-18","ACEH",25,0,23,2,1069,191,850,28
"2020-08-19","ACEH",63,0,63,0,1132,191,913,28
"2020-08-20","ACEH",5,0,5,0,1137,191,918,28
"2020-08-21","ACEH",4,0,2,2,1141,191,920,30
"2020-08-22","ACEH",70,0,70,0,1211,191,990,30
"2020-08-23","ACEH",0,0,-2,2,1211,191,988,32
"2020-08-24","ACEH",30,0,27,3,1241,191,1015,35
"2020-08-25","ACEH",20,0,17,3,1261,191,1032,38
"2020-08-26","ACEH",30,0,30,0,1291,191,1062,38
"2020-08-27","ACEH",108,0,108,0,1399,191,1170,38
"2020-08-28","ACEH",50,0,39,11,1449,191,1209,49
"2020-08-29","ACEH",97,0,91,6,1546,191,1300,55
"2020-08-30","ACEH",54,55,-7,6,1600,246,1293,61
"2020-03-29","BALI",1,0,1,0,1,0,1,0
"2020-03-30","BALI",9,0,9,0,10,0,10,0
"2020-03-31","BALI",0,3,-3,0,10,3,7,0
"2020-04-01","BALI",6,2,4,0,16,5,11,0
"2020-04-02","BALI",0,0,0,0,16,5,11,0
"2020-04-03","BALI",3,0,3,0,19,5,14,0
"2020-04-04","BALI",5,0,5,0,24,5,19,0
"2020-04-05","BALI",3,8,-5,0,27,13,14,0
"2020-04-06","BALI",7,0,7,0,34,13,21,0
"2020-04-07","BALI",0,0,0,0,34,13,21,0
"2020-04-08","BALI",6,0,6,0,40,13,27,0
"2020-04-09","BALI",14,0,14,0,54,13,41,0
"2020-04-10","BALI",12,1,11,0,66,14,52,0
"2020-04-11","BALI",4,0,4,0,70,14,56,0
"2020-04-12","BALI",2,0,2,0,72,14,58,0
"2020-04-13","BALI",5,1,4,0,77,15,62,0
"2020-04-14","BALI",6,1,5,0,83,16,67,0
"2020-04-15","BALI",6,0,6,0,89,16,73,0
"2020-04-16","BALI",15,9,6,0,104,25,79,0
"2020-04-17","BALI",11,5,6,0,115,30,85,0
"2020-04-18","BALI",7,0,7,0,122,30,92,0
"2020-04-19","BALI",4,2,1,1,126,32,93,1
"2020-04-20","BALI",5,4,1,0,131,36,94,1
"2020-04-21","BALI",10,0,10,0,141,36,104,1
"2020-04-22","BALI",2,5,-4,1,143,41,100,2
"2020-04-23","BALI",15,8,7,0,158,49,107,2
"2020-04-24","BALI",10,2,8,0,168,51,115,2
"2020-04-25","BALI",6,13,-7,0,174,64,108,2
"2020-04-26","BALI",3,5,-2,0,177,69,106,2
"2020-04-27","BALI",7,6,1,0,184,75,107,2
"2020-04-28","BALI",22,7,15,0,206,82,122,2
"2020-04-29","BALI",0,8,-8,0,206,90,114,2
"2020-04-30","BALI",7,17,-10,0,213,107,104,2
"2020-05-01","BALI",13,8,5,0,226,115,109,2
"2020-05-02","BALI",2,8,-6,0,228,123,103,2
"2020-05-03","BALI",25,22,3,0,253,145,106,2
"2020-05-04","BALI",9,8,1,0,262,153,107,2
"2020-05-05","BALI",6,1,5,0,268,154,112,2
"2020-05-06","BALI",0,6,-6,0,268,160,106,2
"2020-05-07","BALI",10,17,-7,0,278,177,99,2
"2020-05-08","BALI",13,12,1,0,291,189,100,2
"2020-05-09","BALI",6,2,4,0,297,191,104,2
"2020-05-10","BALI",5,7,-2,0,302,198,102,2
"2020-05-11","BALI",3,6,-3,0,305,204,99,2
"2020-05-12","BALI",14,5,9,0,319,209,108,2
"2020-05-13","BALI",4,5,-1,0,323,214,107,2
"2020-05-14","BALI",5,3,2,0,328,217,109,2
"2020-05-15","BALI",6,9,-3,0,334,226,106,2
"2020-05-16","BALI",3,11,-8,0,337,237,98,2
"2020-05-17","BALI",2,6,-4,0,339,243,94,2
"2020-05-18","BALI",11,7,4,0,350,250,98,2
"2020-05-19","BALI",4,10,-6,0,354,260,92,2
"2020-05-20","BALI",8,9,-1,0,362,269,91,2
"2020-05-21","BALI",3,4,-1,0,365,273,90,2
"2020-05-22","BALI",6,4,2,0,371,277,92,2
"2020-05-23","BALI",8,3,5,0,379,280,97,2
"2020-05-24","BALI",6,6,0,0,385,286,97,2
"2020-05-25","BALI",2,2,0,0,387,288,97,2
"2020-05-26","BALI",11,0,11,0,398,288,108,2
"2020-05-27","BALI",8,7,1,0,406,295,109,2
"2020-05-28","BALI",5,12,-7,0,411,307,102,2
"2020-05-29","BALI",23,6,17,0,434,313,119,2
"2020-05-30","BALI",12,8,4,0,446,321,123,2
"2020-05-31","BALI",10,1,9,0,456,322,132,2
"2020-06-01","BALI",17,5,11,1,473,327,143,3
"2020-06-02","BALI",5,0,5,0,478,327,148,3
"2020-06-03","BALI",3,15,-12,0,481,342,136,3
"2020-06-04","BALI",20,15,5,0,501,357,141,3
"2020-06-05","BALI",14,5,9,0,515,362,150,3
"2020-06-06","BALI",33,2,31,0,548,364,181,3
"2020-06-07","BALI",25,2,23,0,573,366,204,3
"2020-06-08","BALI",12,4,8,0,585,370,212,3
"2020-06-09","BALI",14,32,-18,0,599,402,194,3
"2020-06-10","BALI",32,3,29,0,631,405,223,3
"2020-06-11","BALI",19,12,7,0,650,417,230,3
"2020-06-12","BALI",36,24,12,0,686,441,242,3
"2020-06-13","BALI",28,14,13,1,714,455,255,4
"2020-06-14","BALI",18,12,6,0,732,467,261,4
"2020-06-15","BALI",19,28,-9,0,751,495,252,4
"2020-06-16","BALI",22,8,14,0,773,503,266,4
"2020-06-17","BALI",47,32,15,0,820,535,281,4
"2020-06-18","BALI",65,11,54,0,885,546,335,4
"2020-06-19","BALI",81,13,68,0,966,559,403,4
"2020-06-20","BALI",35,23,11,1,1001,582,414,5
"2020-06-21","BALI",35,17,16,2,1036,599,430,7
"2020-06-22","BALI",31,12,19,0,1067,611,449,7
"2020-06-23","BALI",35,24,11,0,1102,635,460,7
"2020-06-24","BALI",43,7,36,0,1145,642,496,7
"2020-06-25","BALI",56,11,43,2,1201,653,539,9
"2020-06-26","BALI",49,73,-24,0,1250,726,515,9
"2020-06-27","BALI",107,21,86,0,1357,747,601,9
"2020-06-28","BALI",45,20,23,2,1402,767,624,11
"2020-06-29","BALI",28,12,16,0,1430,779,640,11
"2020-06-30","BALI",49,15,33,1,1479,794,673,12
"2020-07-01","BALI",32,61,-30,1,1511,855,643,13
"2020-07-02","BALI",114,15,98,1,1625,870,741,14
"2020-07-03","BALI",66,38,28,0,1691,908,769,14
"2020-07-04","BALI",92,24,66,2,1783,932,835,16
"2020-07-05","BALI",52,30,20,2,1835,962,855,18
"2020-07-06","BALI",50,7,40,3,1885,969,895,21
"2020-07-07","BALI",39,60,-23,2,1924,1029,872,23
"2020-07-08","BALI",30,45,-15,0,1954,1074,857,23
"2020-07-09","BALI",53,92,-40,1,2007,1166,817,24
"2020-07-10","BALI",86,31,55,0,2093,1197,872,24
"2020-07-11","BALI",35,151,-117,1,2128,1348,755,25
"2020-07-12","BALI",45,58,-13,0,2173,1406,742,25
"2020-07-13","BALI",63,97,-34,0,2236,1503,708,25
"2020-07-14","BALI",101,64,37,0,2337,1567,745,25
"2020-07-15","BALI",64,41,21,2,2401,1608,766,27
"2020-07-16","BALI",112,105,4,3,2513,1713,770,30
"2020-07-17","BALI",85,88,-6,3,2598,1801,764,33
"2020-07-18","BALI",71,66,4,1,2669,1867,768,34
"2020-07-19","BALI",54,115,-65,4,2723,1982,703,38
"2020-07-20","BALI",36,67,-35,4,2759,2049,668,42
"2020-07-21","BALI",88,54,32,2,2847,2103,700,44
"2020-07-22","BALI",77,68,9,0,2924,2171,709,44
"2020-07-23","BALI",62,74,-14,2,2986,2245,695,46
"2020-07-24","BALI",62,70,-8,0,3048,2315,687,46
"2020-07-25","BALI",56,86,-30,0,3104,2401,657,46
"2020-07-26","BALI",43,81,-38,0,3147,2482,619,46
"2020-07-27","BALI",63,81,-18,0,3210,2563,601,46
"2020-07-28","BALI",30,57,-27,0,3240,2620,574,46
"2020-07-29","BALI",61,84,-23,0,3301,2704,551,46
"2020-07-30","BALI",50,77,-27,0,3351,2781,524,46
"2020-07-31","BALI",47,88,-41,0,3398,2869,483,46
"2020-08-01","BALI",41,48,-7,0,3439,2917,476,46
"2020-08-02","BALI",40,47,-7,0,3479,2964,469,46
"2020-08-03","BALI",41,55,-14,0,3520,3019,455,46
"2020-08-04","BALI",49,59,-10,0,3569,3078,445,46
"2020-08-05","BALI",39,45,-6,0,3608,3123,439,46
"2020-08-06","BALI",27,38,-11,0,3635,3161,428,46
"2020-08-07","BALI",38,40,-3,1,3673,3201,425,47
"2020-08-08","BALI",38,32,6,0,3711,3233,431,47
"2020-08-09","BALI",59,29,30,0,3770,3262,461,47
"2020-08-10","BALI",38,39,-1,0,3808,3301,460,47
"2020-08-11","BALI",45,48,-3,0,3853,3349,457,47
"2020-08-12","BALI",30,32,-2,0,3883,3381,455,47
"2020-08-13","BALI",35,37,-2,0,3918,3418,453,47
"2020-08-14","BALI",53,59,-6,0,3971,3477,447,47
"2020-08-15","BALI",44,42,2,0,4015,3519,449,47
"2020-08-16","BALI",41,52,-12,1,4056,3571,437,48
"2020-08-17","BALI",45,46,-1,0,4101,3617,436,48
"2020-08-18","BALI",48,24,23,1,4149,3641,459,49
"2020-08-19","BALI",62,53,9,0,4211,3694,468,49
"2020-08-20","BALI",72,50,22,0,4283,3744,490,49
"2020-08-21","BALI",76,63,13,0,4359,3807,503,49
"2020-08-22","BALI",78,67,10,1,4437,3874,513,50
"2020-08-23","BALI",67,72,-5,0,4504,3946,508,50
"2020-08-24","BALI",63,54,9,0,4567,4000,517,50
"2020-08-25","BALI",74,51,21,2,4641,4051,538,52
"2020-08-26","BALI",76,57,17,2,4717,4108,555,54
"2020-08-27","BALI",82,74,6,2,4799,4182,561,56
"2020-08-28","BALI",93,71,20,2,4892,4253,581,58
"2020-08-29","BALI",88,67,19,2,4980,4320,600,60
"2020-08-30","BALI",89,28,58,3,5069,4348,658,63
"2020-03-06","BANTEN",1,0,1,0,1,0,1,0
"2020-03-07","BANTEN",0,0,0,0,1,0,1,0
"2020-03-08","BANTEN",1,0,1,0,2,0,2,0
"2020-03-09","BANTEN",0,0,0,0,2,0,2,0
"2020-03-10","BANTEN",0,0,0,0,2,0,2,0
"2020-03-11","BANTEN",0,0,0,0,2,0,2,0
"2020-03-12","BANTEN",0,0,-1,1,2,0,1,1
"2020-03-13","BANTEN",1,0,1,0,3,0,2,1
"2020-03-14","BANTEN",1,0,1,0,4,0,3,1
"2020-03-15","BANTEN",1,0,1,0,5,0,4,1
"2020-03-16","BANTEN",1,0,1,0,6,0,5,1
"2020-03-17","BANTEN",0,0,-1,1,6,0,4,2
"2020-03-18","BANTEN",0,0,0,0,6,0,4,2
"2020-03-19","BANTEN",0,0,-1,1,6,0,3,3
"2020-03-20","BANTEN",0,0,-1,1,6,0,2,4
"2020-03-21","BANTEN",0,0,0,0,6,0,2,4
"2020-03-22","BANTEN",0,0,0,0,6,0,2,4
"2020-03-23","BANTEN",0,0,0,0,6,0,2,4
"2020-03-24","BANTEN",0,1,-1,0,6,1,1,4
"2020-03-25","BANTEN",0,0,0,0,6,1,1,4
"2020-03-26","BANTEN",0,1,-1,0,6,2,0,4
"2020-03-27","BANTEN",25,0,25,0,31,2,25,4
"2020-03-28","BANTEN",10,1,9,0,41,3,34,4
"2020-03-29","BANTEN",2,0,0,2,43,3,34,6
"2020-03-30","BANTEN",22,0,22,0,65,3,56,6
"2020-03-31","BANTEN",14,0,6,8,79,3,62,14
"2020-04-01","BANTEN",12,5,7,0,91,8,69,14
"2020-04-02","BANTEN",6,0,5,1,97,8,74,15
"2020-04-03","BANTEN",4,0,1,3,101,8,75,18
"2020-04-04","BANTEN",3,0,3,0,104,8,78,18
"2020-04-05","BANTEN",4,0,4,0,108,8,82,18
"2020-04-06","BANTEN",9,1,7,1,117,9,89,19
"2020-04-07","BANTEN",6,0,5,1,123,9,94,20
"2020-04-08","BANTEN",19,0,19,0,142,9,113,20
"2020-04-09","BANTEN",3,0,1,2,145,9,114,22
"2020-04-10","BANTEN",21,0,20,1,166,9,134,23
"2020-04-11","BANTEN",31,1,30,0,197,10,164,23
"2020-04-12","BANTEN",2,1,1,0,199,11,165,23
"2020-04-13","BANTEN",3,0,2,1,202,11,167,24
"2020-04-14","BANTEN",5,0,5,0,207,11,172,24
"2020-04-15","BANTEN",0,1,-3,2,207,12,169,26
"2020-04-16","BANTEN",15,0,9,6,222,12,178,32
"2020-04-17","BANTEN",9,0,7,2,231,12,185,34
"2020-04-18","BANTEN",11,0,11,0,242,12,196,34
"2020-04-19","BANTEN",3,0,3,0,245,12,199,34
"2020-04-20","BANTEN",29,6,23,0,274,18,222,34
"2020-04-21","BANTEN",0,0,0,0,274,18,222,34
"2020-04-22","BANTEN",1,11,-10,0,275,29,212,34
"2020-04-23","BANTEN",3,0,3,0,278,29,215,34
"2020-04-24","BANTEN",23,4,15,4,301,33,230,38
"2020-04-25","BANTEN",11,0,11,0,312,33,241,38
"2020-04-26","BANTEN",0,0,0,0,312,33,241,38
"2020-04-27","BANTEN",12,0,11,1,324,33,252,39
"2020-04-28","BANTEN",6,0,5,1,330,33,257,40
"2020-04-29","BANTEN",0,0,0,0,330,33,257,40
"2020-04-30","BANTEN",16,1,15,0,346,34,272,40
"2020-05-01","BANTEN",14,0,14,0,360,34,286,40
"2020-05-02","BANTEN",9,0,9,0,369,34,295,40
"2020-05-03","BANTEN",5,0,5,0,374,34,300,40
"2020-05-04","BANTEN",14,0,14,0,388,34,314,40
"2020-05-05","BANTEN",10,83,-73,0,398,117,241,40
"2020-05-06","BANTEN",29,5,24,0,427,122,265,40
"2020-05-07","BANTEN",0,0,-15,15,427,122,250,55
"2020-05-08","BANTEN",20,0,20,0,447,122,270,55
"2020-05-09","BANTEN",20,0,20,0,467,122,290,55
"2020-05-10","BANTEN",10,0,10,0,477,122,300,55
"2020-05-11","BANTEN",8,24,-16,0,485,146,284,55
"2020-05-12","BANTEN",18,7,11,0,503,153,295,55
"2020-05-13","BANTEN",20,4,15,1,523,157,310,56
"2020-05-14","BANTEN",14,1,13,0,537,158,323,56
"2020-05-15","BANTEN",28,0,25,3,565,158,348,59
"2020-05-16","BANTEN",0,0,-1,1,565,158,347,60
"2020-05-17","BANTEN",24,1,23,0,589,159,370,60
"2020-05-18","BANTEN",31,3,27,1,620,162,397,61
"2020-05-19","BANTEN",21,0,21,0,641,162,418,61
"2020-05-20","BANTEN",1,0,1,0,642,162,419,61
"2020-05-21","BANTEN",53,9,41,3,695,171,460,64
"2020-05-22","BANTEN",15,1,13,1,710,172,473,65
"2020-05-23","BANTEN",0,0,0,0,710,172,473,65
"2020-05-24","BANTEN",21,4,17,0,731,176,490,65
"2020-05-25","BANTEN",0,0,0,0,731,176,490,65
"2020-05-26","BANTEN",18,2,16,0,749,178,506,65
"2020-05-27","BANTEN",10,3,7,0,759,181,513,65
"2020-05-28","BANTEN",14,24,-10,0,773,205,503,65
"2020-05-29","BANTEN",13,12,-2,3,786,217,501,68
"2020-05-30","BANTEN",14,26,-12,0,800,243,489,68
"2020-05-31","BANTEN",3,0,3,0,803,243,492,68
"2020-06-01","BANTEN",7,8,-1,0,810,251,491,68
"2020-06-02","BANTEN",14,22,-8,0,824,273,483,68
"2020-06-03","BANTEN",71,0,71,0,895,273,554,68
"2020-06-04","BANTEN",10,6,4,0,905,279,558,68
"2020-06-05","BANTEN",24,45,-22,1,929,324,536,69
"2020-06-06","BANTEN",36,41,-6,1,965,365,530,70
"2020-06-07","BANTEN",10,5,5,0,975,370,535,70
"2020-06-08","BANTEN",11,2,9,0,986,372,544,70
"2020-06-09","BANTEN",16,19,-4,1,1002,391,540,71
"2020-06-10","BANTEN",33,10,22,1,1035,401,562,72
"2020-06-11","BANTEN",25,10,13,2,1060,411,575,74
"2020-06-12","BANTEN",35,6,28,1,1095,417,603,75
"2020-06-13","BANTEN",74,1,70,3,1169,418,673,78
"2020-06-14","BANTEN",9,22,-13,0,1178,440,660,78
"2020-06-15","BANTEN",4,20,-16,0,1182,460,644,78
"2020-06-16","BANTEN",37,26,11,0,1219,486,655,78
"2020-06-17","BANTEN",31,23,8,0,1250,509,663,78
"2020-06-18","BANTEN",17,27,-10,0,1267,536,653,78
"2020-06-19","BANTEN",5,3,2,0,1272,539,655,78
"2020-06-20","BANTEN",16,31,-15,0,1288,570,640,78
"2020-06-21","BANTEN",9,1,8,0,1297,571,648,78
"2020-06-22","BANTEN",8,0,8,0,1305,571,656,78
"2020-06-23","BANTEN",11,13,-2,0,1316,584,654,78
"2020-06-24","BANTEN",20,7,13,0,1336,591,667,78
"2020-06-25","BANTEN",17,0,17,0,1353,591,684,78
"2020-06-26","BANTEN",12,13,-1,0,1365,604,683,78
"2020-06-27","BANTEN",20,8,12,0,1385,612,695,78
"2020-06-28","BANTEN",4,17,-13,0,1389,629,682,78
"2020-06-29","BANTEN",3,7,-4,0,1392,636,678,78
"2020-06-30","BANTEN",11,4,7,0,1403,640,685,78
"2020-07-01","BANTEN",12,21,-9,0,1415,661,676,78
"2020-07-02","BANTEN",10,222,-212,0,1425,883,464,78
"2020-07-03","BANTEN",22,52,-30,0,1447,935,434,78
"2020-07-04","BANTEN",14,9,5,0,1461,944,439,78
"2020-07-05","BANTEN",7,2,4,1,1468,946,443,79
"2020-07-06","BANTEN",12,4,8,0,1480,950,451,79
"2020-07-07","BANTEN",6,3,3,0,1486,953,454,79
"2020-07-08","BANTEN",15,6,9,0,1501,959,463,79
"2020-07-09","BANTEN",13,24,-11,0,1514,983,452,79
"2020-07-10","BANTEN",8,28,-21,1,1522,1011,431,80
"2020-07-11","BANTEN",7,30,-23,0,1529,1041,408,80
"2020-07-12","BANTEN",13,50,-37,0,1542,1091,371,80
"2020-07-13","BANTEN",11,5,6,0,1553,1096,377,80
"2020-07-14","BANTEN",9,13,-4,0,1562,1109,373,80
"2020-07-15","BANTEN",4,33,-29,0,1566,1142,344,80
"2020-07-16","BANTEN",17,16,0,1,1583,1158,344,81
"2020-07-17","BANTEN",11,10,1,0,1594,1168,345,81
"2020-07-18","BANTEN",8,12,-5,1,1602,1180,340,82
"2020-07-19","BANTEN",17,5,11,1,1619,1185,351,83
"2020-07-20","BANTEN",8,13,-5,0,1627,1198,346,83
"2020-07-21","BANTEN",8,22,-15,1,1635,1220,331,84
"2020-07-22","BANTEN",4,7,-3,0,1639,1227,328,84
"2020-07-23","BANTEN",10,5,5,0,1649,1232,333,84
"2020-07-24","BANTEN",12,5,7,0,1661,1237,340,84
"2020-07-25","BANTEN",5,7,-2,0,1666,1244,338,84
"2020-07-26","BANTEN",14,6,6,2,1680,1250,344,86
"2020-07-27","BANTEN",10,23,-13,0,1690,1273,331,86
"2020-07-28","BANTEN",9,10,-1,0,1699,1283,330,86
"2020-07-29","BANTEN",15,9,6,0,1714,1292,336,86
"2020-07-30","BANTEN",29,17,10,2,1743,1309,346,88
"2020-07-31","BANTEN",34,45,-12,1,1777,1354,334,89
"2020-08-01","BANTEN",23,12,11,0,1800,1366,345,89
"2020-08-02","BANTEN",12,19,-7,0,1812,1385,338,89
"2020-08-03","BANTEN",21,25,-6,2,1833,1410,332,91
"2020-08-04","BANTEN",33,12,20,1,1866,1422,352,92
"2020-08-05","BANTEN",23,5,18,0,1889,1427,370,92
"2020-08-06","BANTEN",32,28,3,1,1921,1455,373,93
"2020-08-07","BANTEN",34,9,25,0,1955,1464,398,93
"2020-08-08","BANTEN",22,9,11,2,1977,1473,409,95
"2020-08-09","BANTEN",24,1,23,0,2001,1474,432,95
"2020-08-10","BANTEN",23,1,22,0,2024,1475,454,95
"2020-08-11","BANTEN",19,9,10,0,2043,1484,464,95
"2020-08-12","BANTEN",49,18,29,2,2092,1502,493,97
"2020-08-13","BANTEN",37,49,-12,0,2129,1551,481,97
"2020-08-14","BANTEN",21,9,11,1,2150,1560,492,98
"2020-08-15","BANTEN",33,20,13,0,2183,1580,505,98
"2020-08-16","BANTEN",43,18,24,1,2226,1598,529,99
"2020-08-17","BANTEN",17,19,-2,0,2243,1617,527,99
"2020-08-18","BANTEN",63,7,55,1,2306,1624,582,100
"2020-08-19","BANTEN",47,31,16,0,2353,1655,598,100
"2020-08-20","BANTEN",23,10,13,0,2376,1665,611,100
"2020-08-21","BANTEN",36,34,2,0,2412,1699,613,100
"2020-08-22","BANTEN",42,30,10,2,2454,1729,623,102
"2020-08-23","BANTEN",32,20,12,0,2486,1749,635,102
"2020-08-24","BANTEN",61,42,19,0,2547,1791,654,102
"2020-08-25","BANTEN",32,16,16,0,2579,1807,670,102
"2020-08-26","BANTEN",29,29,-1,1,2608,1836,669,103
"2020-08-27","BANTEN",59,21,38,0,2667,1857,707,103
"2020-08-28","BANTEN",42,16,26,0,2709,1873,733,103
"2020-08-29","BANTEN",60,108,-48,0,2769,1981,685,103
"2020-08-30","BANTEN",45,37,4,4,2814,2018,689,107
"2020-03-31","BENGKULU",1,0,0,1,1,0,0,1
"2020-04-01","BENGKULU",0,0,0,0,1,0,0,1
"2020-04-02","BENGKULU",0,0,0,0,1,0,0,1
"2020-04-03","BENGKULU",1,0,1,0,2,0,1,1
"2020-04-04","BENGKULU",0,0,0,0,2,0,1,1
"2020-04-05","BENGKULU",0,0,0,0,2,0,1,1
"2020-04-06","BENGKULU",0,0,0,0,2,0,1,1
"2020-04-07","BENGKULU",0,0,0,0,2,0,1,1
"2020-04-08","BENGKULU",0,0,0,0,2,0,1,1
"2020-04-09","BENGKULU",2,0,2,0,4,0,3,1
"2020-04-10","BENGKULU",0,0,0,0,4,0,3,1
"2020-04-11","BENGKULU",0,0,0,0,4,0,3,1
"2020-04-12","BENGKULU",0,0,0,0,4,0,3,1
"2020-04-13","BENGKULU",0,0,0,0,4,0,3,1
"2020-04-14","BENGKULU",0,0,0,0,4,0,3,1
"2020-04-15","BENGKULU",0,0,0,0,4,0,3,1
"2020-04-16","BENGKULU",0,0,0,0,4,0,3,1
"2020-04-17","BENGKULU",0,0,0,0,4,0,3,1
"2020-04-18","BENGKULU",0,1,-1,0,4,1,2,1
"2020-04-19","BENGKULU",0,0,0,0,4,1,2,1
"2020-04-20","BENGKULU",0,0,0,0,4,1,2,1
"2020-04-21","BENGKULU",4,0,4,0,8,1,6,1
"2020-04-22","BENGKULU",0,0,0,0,8,1,6,1
"2020-04-23","BENGKULU",0,0,0,0,8,1,6,1
"2020-04-24","BENGKULU",0,0,0,0,8,1,6,1
"2020-04-25","BENGKULU",0,0,0,0,8,1,6,1
"2020-04-26","BENGKULU",0,0,0,0,8,1,6,1
"2020-04-27","BENGKULU",0,0,0,0,8,1,6,1
"2020-04-28","BENGKULU",0,0,-1,1,8,1,5,2
"2020-04-29","BENGKULU",4,0,4,0,12,1,9,2
"2020-04-30","BENGKULU",0,0,0,0,12,1,9,2
"2020-05-01","BENGKULU",0,0,0,0,12,1,9,2
"2020-05-02","BENGKULU",0,0,0,0,12,1,9,2
"2020-05-03","BENGKULU",0,0,0,0,12,1,9,2
"2020-05-04","BENGKULU",0,0,0,0,12,1,9,2
"2020-05-05","BENGKULU",0,0,0,0,12,1,9,2
"2020-05-06","BENGKULU",2,0,2,0,14,1,11,2
"2020-05-07","BENGKULU",0,0,0,0,14,1,11,2
"2020-05-08","BENGKULU",0,0,0,0,14,1,11,2
"2020-05-09","BENGKULU",23,0,23,0,37,1,34,2
"2020-05-10","BENGKULU",0,0,0,0,37,1,34,2
"2020-05-11","BENGKULU",0,0,0,0,37,1,34,2
"2020-05-12","BENGKULU",3,0,3,0,40,1,37,2
"2020-05-13","BENGKULU",0,0,0,0,40,1,37,2
"2020-05-14","BENGKULU",2,0,2,0,42,1,39,2
"2020-05-15","BENGKULU",11,0,11,0,53,1,50,2
"2020-05-16","BENGKULU",3,0,3,0,56,1,53,2
"2020-05-17","BENGKULU",9,0,9,0,65,1,62,2
"2020-05-18","BENGKULU",1,0,1,0,66,1,63,2
"2020-05-19","BENGKULU",1,0,1,0,67,1,64,2
"2020-05-20","BENGKULU",0,6,-6,0,67,7,58,2
"2020-05-21","BENGKULU",2,2,0,0,69,9,58,2
"2020-05-22","BENGKULU",0,0,0,0,69,9,58,2
"2020-05-23","BENGKULU",0,0,0,0,69,9,58,2
"2020-05-24","BENGKULU",0,0,0,0,69,9,58,2
"2020-05-25","BENGKULU",0,0,0,0,69,9,58,2
"2020-05-26","BENGKULU",0,2,-3,1,69,11,55,3
"2020-05-27","BENGKULU",0,8,-8,0,69,19,47,3
"2020-05-28","BENGKULU",2,1,1,0,71,20,48,3
"2020-05-29","BENGKULU",1,2,-1,0,72,22,47,3
"2020-05-30","BENGKULU",14,0,14,0,86,22,61,3
"2020-05-31","BENGKULU",5,0,5,0,91,22,66,3
"2020-06-01","BENGKULU",0,3,-3,0,91,25,63,3
"2020-06-02","BENGKULU",1,0,1,0,92,25,64,3
"2020-06-03","BENGKULU",0,0,0,0,92,25,64,3
"2020-06-04","BENGKULU",0,0,0,0,92,25,64,3
"2020-06-05","BENGKULU",0,0,-1,1,92,25,63,4
"2020-06-06","BENGKULU",0,12,-12,0,92,37,51,4
"2020-06-07","BENGKULU",0,3,-3,0,92,40,48,4
"2020-06-08","BENGKULU",0,0,0,0,92,40,48,4
"2020-06-09","BENGKULU",0,6,-6,0,92,46,42,4
"2020-06-10","BENGKULU",0,1,-1,0,92,47,41,4
"2020-06-11","BENGKULU",0,1,-1,0,92,48,40,4
"2020-06-12","BENGKULU",3,1,1,1,95,49,41,5
"2020-06-13","BENGKULU",3,9,-7,1,98,58,34,6
"2020-06-14","BENGKULU",3,0,3,0,101,58,37,6
"2020-06-15","BENGKULU",0,4,-4,0,101,62,33,6
"2020-06-16","BENGKULU",3,1,2,0,104,63,35,6
"2020-06-17","BENGKULU",1,2,-1,0,105,65,34,6
"2020-06-18","BENGKULU",0,0,-2,2,105,65,32,8
"2020-06-19","BENGKULU",2,3,-1,0,107,68,31,8
"2020-06-20","BENGKULU",9,3,6,0,116,71,37,8
"2020-06-21","BENGKULU",0,1,-2,1,116,72,35,9
"2020-06-22","BENGKULU",0,0,0,0,116,72,35,9
"2020-06-23","BENGKULU",2,0,1,1,118,72,36,10
"2020-06-24","BENGKULU",0,1,-1,0,118,73,35,10
"2020-06-25","BENGKULU",2,5,-3,0,120,78,32,10
"2020-06-26","BENGKULU",4,10,-6,0,124,88,26,10
"2020-06-27","BENGKULU",1,1,0,0,125,89,26,10
"2020-06-28","BENGKULU",0,0,-1,1,125,89,25,11
"2020-06-29","BENGKULU",0,0,-1,1,125,89,24,12
"2020-06-30","BENGKULU",0,0,0,0,125,89,24,12
"2020-07-01","BENGKULU",4,1,3,0,129,90,27,12
"2020-07-02","BENGKULU",1,1,0,0,130,91,27,12
"2020-07-03","BENGKULU",6,3,2,1,136,94,29,13
"2020-07-04","BENGKULU",1,0,1,0,137,94,30,13
"2020-07-05","BENGKULU",4,1,3,0,141,95,33,13
"2020-07-06","BENGKULU",0,0,0,0,141,95,33,13
"2020-07-07","BENGKULU",3,1,2,0,144,96,35,13
"2020-07-08","BENGKULU",7,2,4,1,151,98,39,14
"2020-07-09","BENGKULU",4,1,3,0,155,99,42,14
"2020-07-10","BENGKULU",3,2,-1,2,158,101,41,16
"2020-07-11","BENGKULU",4,1,3,0,162,102,44,16
"2020-07-12","BENGKULU",1,0,1,0,163,102,45,16
"2020-07-13","BENGKULU",0,1,-1,0,163,103,44,16
"2020-07-14","BENGKULU",5,1,4,0,168,104,48,16
"2020-07-15","BENGKULU",2,1,1,0,170,105,49,16
"2020-07-16","BENGKULU",1,1,0,0,171,106,49,16
"2020-07-17","BENGKULU",2,1,1,0,173,107,50,16
"2020-07-18","BENGKULU",6,0,6,0,179,107,56,16
"2020-07-19","BENGKULU",2,3,-1,0,181,110,55,16
"2020-07-20","BENGKULU",0,0,0,0,181,110,55,16
"2020-07-21","BENGKULU",0,1,-1,0,181,111,54,16
"2020-07-22","BENGKULU",4,0,4,0,185,111,58,16
"2020-07-23","BENGKULU",10,5,5,0,195,116,63,16
"2020-07-24","BENGKULU",1,1,0,0,196,117,63,16
"2020-07-25","BENGKULU",4,0,4,0,200,117,67,16
"2020-07-26","BENGKULU",0,0,0,0,200,117,67,16
"2020-07-27","BENGKULU",0,0,0,0,200,117,67,16
"2020-07-28","BENGKULU",10,0,10,0,210,117,77,16
"2020-07-29","BENGKULU",2,1,-1,2,212,118,76,18
"2020-07-30","BENGKULU",2,0,2,0,214,118,78,18
"2020-07-31","BENGKULU",3,0,3,0,217,118,81,18
"2020-08-01","BENGKULU",1,0,0,1,218,118,81,19
"2020-08-02","BENGKULU",17,0,17,0,235,118,98,19
"2020-08-03","BENGKULU",0,0,0,0,235,118,98,19
"2020-08-04","BENGKULU",3,0,2,1,238,118,100,20
"2020-08-05","BENGKULU",1,17,-16,0,239,135,84,20
"2020-08-06","BENGKULU",1,0,1,0,240,135,85,20
"2020-08-07","BENGKULU",0,13,-13,0,240,148,72,20
"2020-08-08","BENGKULU",3,0,2,1,243,148,74,21
"2020-08-09","BENGKULU",9,0,9,0,252,148,83,21
"2020-08-10","BENGKULU",1,1,-1,1,253,149,82,22
"2020-08-11","BENGKULU",5,2,3,0,258,151,85,22
"2020-08-12","BENGKULU",2,0,0,2,260,151,85,24
"2020-08-13","BENGKULU",4,7,-3,0,264,158,82,24
"2020-08-14","BENGKULU",10,0,10,0,274,158,92,24
"2020-08-15","BENGKULU",3,0,3,0,277,158,95,24
"2020-08-16","BENGKULU",2,0,2,0,279,158,97,24
"2020-08-17","BENGKULU",0,0,0,0,279,158,97,24
"2020-08-18","BENGKULU",1,0,1,0,280,158,98,24
"2020-08-19","BENGKULU",6,0,6,0,286,158,104,24
"2020-08-20","BENGKULU",0,1,-1,0,286,159,103,24
"2020-08-21","BENGKULU",1,1,0,0,287,160,103,24
"2020-08-22","BENGKULU",1,0,1,0,288,160,104,24
"2020-08-23","BENGKULU",0,4,-4,0,288,164,100,24
"2020-08-24","BENGKULU",1,1,0,0,289,165,100,24
"2020-08-25","BENGKULU",11,1,10,0,300,166,110,24
"2020-08-26","BENGKULU",3,5,-2,0,303,171,108,24
"2020-08-27","BENGKULU",2,0,1,1,305,171,109,25
"2020-08-28","BENGKULU",24,2,22,0,329,173,131,25
"2020-08-29","BENGKULU",3,0,3,0,332,173,134,25
"2020-08-30","BENGKULU",11,9,2,0,343,182,136,25
"2020-03-16","DAERAH ISTIMEWA YOGYAKARTA",1,0,1,0,1,0,1,0
"2020-03-17","DAERAH ISTIMEWA YOGYAKARTA",0,0,0,0,1,0,1,0
"2020-03-18","DAERAH ISTIMEWA YOGYAKARTA",0,0,0,0,1,0,1,0
"2020-03-19","DAERAH ISTIMEWA YOGYAKARTA",0,0,0,0,1,0,1,0
"2020-03-20","DAERAH ISTIMEWA YOGYAKARTA",0,1,-1,0,1,1,0,0
"2020-03-21","DAERAH ISTIMEWA YOGYAKARTA",0,0,0,0,1,1,0,0
"2020-03-22","DAERAH ISTIMEWA YOGYAKARTA",0,0,0,0,1,1,0,0
"2020-03-23","DAERAH ISTIMEWA YOGYAKARTA",0,0,-1,1,1,1,-1,1
"2020-03-24","DAERAH ISTIMEWA YOGYAKARTA",0,0,0,0,1,1,-1,1
"2020-03-25","DAERAH ISTIMEWA YOGYAKARTA",0,0,-1,1,1,1,-2,2
"2020-03-26","DAERAH ISTIMEWA YOGYAKARTA",0,0,0,0,1,1,-2,2
"2020-03-27","DAERAH ISTIMEWA YOGYAKARTA",1,0,1,0,2,1,-1,2
"2020-03-28","DAERAH ISTIMEWA YOGYAKARTA",0,0,0,0,2,1,-1,2
"2020-03-29","DAERAH ISTIMEWA YOGYAKARTA",0,0,0,0,2,1,-1,2
"2020-03-30","DAERAH ISTIMEWA YOGYAKARTA",1,1,0,0,3,2,-1,2
"2020-03-31","DAERAH ISTIMEWA YOGYAKARTA",5,0,5,0,8,2,4,2
"2020-04-01","DAERAH ISTIMEWA YOGYAKARTA",5,1,4,0,13,3,8,2
"2020-04-02","DAERAH ISTIMEWA YOGYAKARTA",0,0,-1,1,13,3,7,3
"2020-04-03","DAERAH ISTIMEWA YOGYAKARTA",0,0,0,0,13,3,7,3
"2020-04-04","DAERAH ISTIMEWA YOGYAKARTA",5,0,5,0,18,3,12,3
"2020-04-05","DAERAH ISTIMEWA YOGYAKARTA",1,0,1,0,19,3,13,3
"2020-04-06","DAERAH ISTIMEWA YOGYAKARTA",3,1,2,0,22,4,15,3
"2020-04-07","DAERAH ISTIMEWA YOGYAKARTA",1,0,1,0,23,4,16,3
"2020-04-08","DAERAH ISTIMEWA YOGYAKARTA",0,3,-6,3,23,7,10,6
"2020-04-09","DAERAH ISTIMEWA YOGYAKARTA",2,3,-1,0,25,10,9,6
"2020-04-10","DAERAH ISTIMEWA YOGYAKARTA",0,3,-3,0,25,13,6,6
"2020-04-11","DAERAH ISTIMEWA YOGYAKARTA",0,0,0,0,25,13,6,6
"2020-04-12","DAERAH ISTIMEWA YOGYAKARTA",0,5,-5,0,25,18,1,6
"2020-04-13","DAERAH ISTIMEWA YOGYAKARTA",16,0,16,0,41,18,17,6
"2020-04-14","DAERAH ISTIMEWA YOGYAKARTA",5,4,1,0,46,22,18,6
"2020-04-15","DAERAH ISTIMEWA YOGYAKARTA",1,0,1,0,47,22,19,6
"2020-04-16","DAERAH ISTIMEWA YOGYAKARTA",1,0,1,0,48,22,20,6
"2020-04-17","DAERAH ISTIMEWA YOGYAKARTA",1,3,-3,1,49,25,17,7
"2020-04-18","DAERAH ISTIMEWA YOGYAKARTA",3,2,1,0,52,27,18,7
"2020-04-19","DAERAH ISTIMEWA YOGYAKARTA",0,1,-1,0,52,28,17,7
"2020-04-20","DAERAH ISTIMEWA YOGYAKARTA",2,0,2,0,54,28,19,7
"2020-04-21","DAERAH ISTIMEWA YOGYAKARTA",3,3,0,0,57,31,19,7
"2020-04-22","DAERAH ISTIMEWA YOGYAKARTA",3,5,-2,0,60,36,17,7
"2020-04-23","DAERAH ISTIMEWA YOGYAKARTA",1,1,0,0,61,37,17,7
"2020-04-24","DAERAH ISTIMEWA YOGYAKARTA",1,0,1,0,62,37,18,7
"2020-04-25","DAERAH ISTIMEWA YOGYAKARTA",2,0,2,0,64,37,20,7
"2020-04-26","DAERAH ISTIMEWA YOGYAKARTA",3,0,3,0,67,37,23,7
"2020-04-27","DAERAH ISTIMEWA YOGYAKARTA",1,2,-1,0,68,39,22,7
"2020-04-28","DAERAH ISTIMEWA YOGYAKARTA",10,1,9,0,78,40,31,7
"2020-04-29","DAERAH ISTIMEWA YOGYAKARTA",1,3,-2,0,79,43,29,7
"2020-04-30","DAERAH ISTIMEWA YOGYAKARTA",1,0,1,0,80,43,30,7
"2020-05-01","DAERAH ISTIMEWA YOGYAKARTA",9,5,4,0,89,48,34,7
"2020-05-02","DAERAH ISTIMEWA YOGYAKARTA",10,0,10,0,99,48,44,7
"2020-05-03","DAERAH ISTIMEWA YOGYAKARTA",1,0,1,0,100,48,45,7
"2020-05-04","DAERAH ISTIMEWA YOGYAKARTA",0,4,-4,0,100,52,41,7
"2020-05-05","DAERAH ISTIMEWA YOGYAKARTA",6,1,5,0,106,53,46,7
"2020-05-06","DAERAH ISTIMEWA YOGYAKARTA",1,5,-4,0,107,58,42,7
"2020-05-07","DAERAH ISTIMEWA YOGYAKARTA",15,1,14,0,122,59,56,7
"2020-05-08","DAERAH ISTIMEWA YOGYAKARTA",6,0,6,0,128,59,62,7
"2020-05-09","DAERAH ISTIMEWA YOGYAKARTA",3,2,1,0,131,61,63,7
"2020-05-10","DAERAH ISTIMEWA YOGYAKARTA",7,0,7,0,138,61,70,7
"2020-05-11","DAERAH ISTIMEWA YOGYAKARTA",6,6,-1,1,144,67,69,8
"2020-05-12","DAERAH ISTIMEWA YOGYAKARTA",10,0,10,0,154,67,79,8
"2020-05-13","DAERAH ISTIMEWA YOGYAKARTA",12,1,11,0,166,68,90,8
"2020-05-14","DAERAH ISTIMEWA YOGYAKARTA",4,7,-3,0,170,75,87,8
"2020-05-15","DAERAH ISTIMEWA YOGYAKARTA",3,12,-9,0,173,87,78,8
"2020-05-16","DAERAH ISTIMEWA YOGYAKARTA",6,1,5,0,179,88,83,8
"2020-05-17","DAERAH ISTIMEWA YOGYAKARTA",5,3,2,0,184,91,85,8
"2020-05-18","DAERAH ISTIMEWA YOGYAKARTA",1,3,-2,0,185,94,83,8
"2020-05-19","DAERAH ISTIMEWA YOGYAKARTA",7,12,-5,0,192,106,78,8
"2020-05-20","DAERAH ISTIMEWA YOGYAKARTA",2,8,-6,0,194,114,72,8
"2020-05-21","DAERAH ISTIMEWA YOGYAKARTA",6,7,-1,0,200,121,71,8
"2020-05-22","DAERAH ISTIMEWA YOGYAKARTA",5,2,3,0,205,123,74,8
"2020-05-23","DAERAH ISTIMEWA YOGYAKARTA",5,6,-1,0,210,129,73,8
"2020-05-24","DAERAH ISTIMEWA YOGYAKARTA",1,4,-3,0,211,133,70,8
"2020-05-25","DAERAH ISTIMEWA YOGYAKARTA",0,1,-1,0,211,134,69,8
"2020-05-26","DAERAH ISTIMEWA YOGYAKARTA",0,4,-4,0,211,138,65,8
"2020-05-27","DAERAH ISTIMEWA YOGYAKARTA",2,9,-7,0,213,147,58,8
"2020-05-28","DAERAH ISTIMEWA YOGYAKARTA",0,8,-8,0,213,155,50,8
"2020-05-29","DAERAH ISTIMEWA YOGYAKARTA",2,6,-4,0,215,161,46,8
"2020-05-30","DAERAH ISTIMEWA YOGYAKARTA",3,1,2,0,218,162,48,8
"2020-05-31","DAERAH ISTIMEWA YOGYAKARTA",3,7,-4,0,221,169,44,8
"2020-06-01","DAERAH ISTIMEWA YOGYAKARTA",1,0,1,0,222,169,45,8
"2020-06-02","DAERAH ISTIMEWA YOGYAKARTA",0,1,-1,0,222,170,44,8
"2020-06-03","DAERAH ISTIMEWA YOGYAKARTA",0,1,-1,0,222,171,43,8
"2020-06-04","DAERAH ISTIMEWA YOGYAKARTA",0,3,-3,0,222,174,40,8
"2020-06-05","DAERAH ISTIMEWA YOGYAKARTA",1,6,-5,0,223,180,35,8
"2020-06-06","DAERAH ISTIMEWA YOGYAKARTA",4,5,-1,0,227,185,34,8
"2020-06-07","DAERAH ISTIMEWA YOGYAKARTA",2,2,0,0,229,187,34,8
"2020-06-08","DAERAH ISTIMEWA YOGYAKARTA",3,7,-4,0,232,194,30,8
"2020-06-09","DAERAH ISTIMEWA YOGYAKARTA",2,0,2,0,234,194,32,8
"2020-06-10","DAERAH ISTIMEWA YOGYAKARTA",1,1,0,0,235,195,32,8
"2020-06-11","DAERAH ISTIMEWA YOGYAKARTA",2,5,-3,0,237,200,29,8
"2020-06-12","DAERAH ISTIMEWA YOGYAKARTA",10,5,5,0,247,205,34,8
"2020-06-13","DAERAH ISTIMEWA YOGYAKARTA",2,6,-4,0,249,211,30,8
"2020-06-14","DAERAH ISTIMEWA YOGYAKARTA",5,1,4,0,254,212,34,8
"2020-06-15","DAERAH ISTIMEWA YOGYAKARTA",3,2,1,0,257,214,35,8
"2020-06-16","DAERAH ISTIMEWA YOGYAKARTA",1,4,-3,0,258,218,32,8
"2020-06-17","DAERAH ISTIMEWA YOGYAKARTA",3,2,1,0,261,220,33,8
"2020-06-18","DAERAH ISTIMEWA YOGYAKARTA",0,7,-7,0,261,227,26,8
"2020-06-19","DAERAH ISTIMEWA YOGYAKARTA",1,4,-3,0,262,231,23,8
"2020-06-20","DAERAH ISTIMEWA YOGYAKARTA",8,0,8,0,270,231,31,8
"2020-06-21","DAERAH ISTIMEWA YOGYAKARTA",3,7,-4,0,273,238,27,8
"2020-06-22","DAERAH ISTIMEWA YOGYAKARTA",0,0,0,0,273,238,27,8
"2020-06-23","DAERAH ISTIMEWA YOGYAKARTA",3,5,-2,0,276,243,25,8
"2020-06-24","DAERAH ISTIMEWA YOGYAKARTA",1,13,-12,0,277,256,13,8
"2020-06-25","DAERAH ISTIMEWA YOGYAKARTA",7,3,4,0,284,259,17,8
"2020-06-26","DAERAH ISTIMEWA YOGYAKARTA",3,3,0,0,287,262,17,8
"2020-06-27","DAERAH ISTIMEWA YOGYAKARTA",2,1,1,0,289,263,18,8
"2020-06-28","DAERAH ISTIMEWA YOGYAKARTA",2,1,1,0,291,264,19,8
"2020-06-29","DAERAH ISTIMEWA YOGYAKARTA",0,1,-1,0,291,265,18,8
"2020-06-30","DAERAH ISTIMEWA YOGYAKARTA",7,1,6,0,298,266,24,8
"2020-07-01","DAERAH ISTIMEWA YOGYAKARTA",1,3,-2,0,299,269,22,8
"2020-07-02","DAERAH ISTIMEWA YOGYAKARTA",6,4,1,1,305,273,23,9
"2020-07-03","DAERAH ISTIMEWA YOGYAKARTA",4,3,1,0,309,276,24,9
"2020-07-04","DAERAH ISTIMEWA YOGYAKARTA",1,1,0,0,310,277,24,9
"2020-07-05","DAERAH ISTIMEWA YOGYAKARTA",6,0,6,0,316,277,30,9
"2020-07-06","DAERAH ISTIMEWA YOGYAKARTA",8,5,3,0,324,282,33,9
"2020-07-07","DAERAH ISTIMEWA YOGYAKARTA",7,3,4,0,331,285,37,9
"2020-07-08","DAERAH ISTIMEWA YOGYAKARTA",3,1,1,1,334,286,38,10
"2020-07-09","DAERAH ISTIMEWA YOGYAKARTA",7,4,3,0,341,290,41,10
"2020-07-10","DAERAH ISTIMEWA YOGYAKARTA",7,3,4,0,348,293,45,10
"2020-07-11","DAERAH ISTIMEWA YOGYAKARTA",7,1,6,0,355,294,51,10
"2020-07-12","DAERAH ISTIMEWA YOGYAKARTA",1,3,-2,0,356,297,49,10
"2020-07-13","DAERAH ISTIMEWA YOGYAKARTA",8,8,0,0,364,305,49,10
"2020-07-14","DAERAH ISTIMEWA YOGYAKARTA",8,5,2,1,372,310,51,11
"2020-07-15","DAERAH ISTIMEWA YOGYAKARTA",9,3,6,0,381,313,57,11
"2020-07-16","DAERAH ISTIMEWA YOGYAKARTA",8,0,8,0,389,313,65,11
"2020-07-17","DAERAH ISTIMEWA YOGYAKARTA",4,2,2,0,393,315,67,11
"2020-07-18","DAERAH ISTIMEWA YOGYAKARTA",8,8,0,0,401,323,67,11
"2020-07-19","DAERAH ISTIMEWA YOGYAKARTA",15,0,14,1,416,323,81,12
"2020-07-20","DAERAH ISTIMEWA YOGYAKARTA",6,3,2,1,422,326,83,13
"2020-07-21","DAERAH ISTIMEWA YOGYAKARTA",28,3,24,1,450,329,107,14
"2020-07-22","DAERAH ISTIMEWA YOGYAKARTA",21,1,18,2,471,330,125,16
"2020-07-23","DAERAH ISTIMEWA YOGYAKARTA",10,4,6,0,481,334,131,16
"2020-07-24","DAERAH ISTIMEWA YOGYAKARTA",23,6,16,1,504,340,147,17
"2020-07-25","DAERAH ISTIMEWA YOGYAKARTA",17,6,10,1,521,346,157,18
"2020-07-26","DAERAH ISTIMEWA YOGYAKARTA",7,0,6,1,528,346,163,19
"2020-07-27","DAERAH ISTIMEWA YOGYAKARTA",15,4,11,0,543,350,174,19
"2020-07-28","DAERAH ISTIMEWA YOGYAKARTA",14,5,8,1,557,355,182,20
"2020-07-29","DAERAH ISTIMEWA YOGYAKARTA",15,12,3,0,572,367,185,20
"2020-07-30","DAERAH ISTIMEWA YOGYAKARTA",23,14,9,0,595,381,194,20
"2020-07-31","DAERAH ISTIMEWA YOGYAKARTA",64,17,47,0,659,398,241,20
"2020-08-01","DAERAH ISTIMEWA YOGYAKARTA",67,11,55,1,726,409,296,21
"2020-08-02","DAERAH ISTIMEWA YOGYAKARTA",19,11,8,0,745,420,304,21
"2020-08-03","DAERAH ISTIMEWA YOGYAKARTA",12,13,-1,0,757,433,303,21
"2020-08-04","DAERAH ISTIMEWA YOGYAKARTA",12,14,-2,0,769,447,301,21
"2020-08-05","DAERAH ISTIMEWA YOGYAKARTA",17,29,-12,0,786,476,289,21
"2020-08-06","DAERAH ISTIMEWA YOGYAKARTA",18,20,-2,0,804,496,287,21
"2020-08-07","DAERAH ISTIMEWA YOGYAKARTA",19,29,-10,0,823,525,277,21
"2020-08-08","DAERAH ISTIMEWA YOGYAKARTA",16,27,-13,2,839,552,264,23
"2020-08-09","DAERAH ISTIMEWA YOGYAKARTA",8,18,-11,1,847,570,253,24
"2020-08-10","DAERAH ISTIMEWA YOGYAKARTA",14,23,-10,1,861,593,243,25
"2020-08-11","DAERAH ISTIMEWA YOGYAKARTA",4,16,-12,0,865,609,231,25
"2020-08-12","DAERAH ISTIMEWA YOGYAKARTA",20,24,-5,1,885,633,226,26
"2020-08-13","DAERAH ISTIMEWA YOGYAKARTA",11,13,-2,0,896,646,224,26
"2020-08-14","DAERAH ISTIMEWA YOGYAKARTA",35,12,21,2,931,658,245,28
"2020-08-15","DAERAH ISTIMEWA YOGYAKARTA",46,4,42,0,977,662,287,28
"2020-08-16","DAERAH ISTIMEWA YOGYAKARTA",33,13,20,0,1010,675,307,28
"2020-08-17","DAERAH ISTIMEWA YOGYAKARTA",16,7,9,0,1026,682,316,28
"2020-08-18","DAERAH ISTIMEWA YOGYAKARTA",18,13,4,1,1044,695,320,29
"2020-08-19","DAERAH ISTIMEWA YOGYAKARTA",31,18,13,0,1075,713,333,29
"2020-08-20","DAERAH ISTIMEWA YOGYAKARTA",48,52,-6,2,1123,765,327,31
"2020-08-21","DAERAH ISTIMEWA YOGYAKARTA",25,28,-4,1,1148,793,323,32
"2020-08-22","DAERAH ISTIMEWA YOGYAKARTA",15,15,-1,1,1163,808,322,33
"2020-08-23","DAERAH ISTIMEWA YOGYAKARTA",15,18,-3,0,1178,826,319,33
"2020-08-24","DAERAH ISTIMEWA YOGYAKARTA",14,20,-7,1,1192,846,312,34
"2020-08-25","DAERAH ISTIMEWA YOGYAKARTA",41,11,30,0,1233,857,342,34
"2020-08-26","DAERAH ISTIMEWA YOGYAKARTA",16,35,-21,2,1249,892,321,36
"2020-08-27","DAERAH ISTIMEWA YOGYAKARTA",42,31,11,0,1291,923,332,36
"2020-08-28","DAERAH ISTIMEWA YOGYAKARTA",20,24,-4,0,1311,947,328,36
"2020-08-29","DAERAH ISTIMEWA YOGYAKARTA",47,21,25,1,1358,968,353,37
"2020-08-30","DAERAH ISTIMEWA YOGYAKARTA",24,8,16,0,1382,976,369,37
"2020-03-01","DKI JAKARTA",2,0,2,0,2,0,2,0
"2020-03-02","DKI JAKARTA",2,0,2,0,4,0,4,0
"2020-03-03","DKI JAKARTA",2,0,2,0,6,0,6,0
"2020-03-04","DKI JAKARTA",2,0,2,0,8,0,8,0
"2020-03-05","DKI JAKARTA",0,0,-1,1,8,0,7,1
"2020-03-06","DKI JAKARTA",0,0,0,0,8,0,7,1
"2020-03-07","DKI JAKARTA",0,0,-2,2,8,0,5,3
"2020-03-08","DKI JAKARTA",0,0,0,0,8,0,5,3
"2020-03-09","DKI JAKARTA",0,0,-1,1,8,0,4,4
"2020-03-10","DKI JAKARTA",0,0,0,0,8,0,4,4
"2020-03-11","DKI JAKARTA",0,0,0,0,8,0,4,4
"2020-03-12","DKI JAKARTA",0,4,-5,1,8,4,-1,5
"2020-03-13","DKI JAKARTA",0,3,-4,1,8,7,-5,6
"2020-03-14","DKI JAKARTA",1,1,-1,1,9,8,-6,7
"2020-03-15","DKI JAKARTA",6,0,3,3,15,8,-3,10
"2020-03-16","DKI JAKARTA",0,0,-3,3,15,8,-6,13
"2020-03-17","DKI JAKARTA",1,0,0,1,16,8,-6,14
"2020-03-18","DKI JAKARTA",0,0,-1,1,16,8,-7,15
"2020-03-19","DKI JAKARTA",1,1,0,0,17,9,-7,15
"2020-03-20","DKI JAKARTA",1,1,-3,3,18,10,-10,18
"2020-03-21","DKI JAKARTA",0,6,-9,3,18,16,-19,21
"2020-03-22","DKI JAKARTA",0,3,-3,0,18,19,-22,21
"2020-03-23","DKI JAKARTA",0,0,0,0,18,19,-22,21
"2020-03-24","DKI JAKARTA",0,3,-22,19,18,22,-44,40
"2020-03-25","DKI JAKARTA",0,0,-1,1,18,22,-45,41
"2020-03-26","DKI JAKARTA",56,0,54,2,74,22,9,43
"2020-03-27","DKI JAKARTA",68,6,55,7,142,28,64,50
"2020-03-28","DKI JAKARTA",41,9,23,9,183,37,87,59
"2020-03-29","DKI JAKARTA",49,0,39,10,232,37,126,69
"2020-03-30","DKI JAKARTA",31,0,24,7,263,37,150,76
"2020-03-31","DKI JAKARTA",42,0,33,9,305,37,183,85
"2020-04-01","DKI JAKARTA",59,0,58,1,364,37,241,86
"2020-04-02","DKI JAKARTA",69,2,62,5,433,39,303,91
"2020-04-03","DKI JAKARTA",70,2,62,6,503,41,365,97
"2020-04-04","DKI JAKARTA",55,5,42,8,558,46,407,105
"2020-04-05","DKI JAKARTA",85,2,72,11,643,48,479,116
"2020-04-06","DKI JAKARTA",98,7,84,7,741,55,563,123
"2020-04-07","DKI JAKARTA",110,3,93,14,851,58,656,137
"2020-04-08","DKI JAKARTA",86,5,73,8,937,63,729,145
"2020-04-09","DKI JAKARTA",226,5,187,34,1163,68,916,179
"2020-04-10","DKI JAKARTA",49,4,34,11,1212,72,950,190
"2020-04-11","DKI JAKARTA",185,7,168,10,1397,79,1118,200
"2020-04-12","DKI JAKARTA",122,37,52,33,1519,116,1170,233
"2020-04-13","DKI JAKARTA",134,1,126,7,1653,117,1296,240
"2020-04-14","DKI JAKARTA",122,0,112,10,1775,117,1408,250
"2020-04-15","DKI JAKARTA",128,20,99,9,1903,137,1507,259
"2020-04-16","DKI JAKARTA",174,0,173,1,2077,137,1680,260
"2020-04-17","DKI JAKARTA",139,35,97,7,2216,172,1777,267
"2020-04-18","DKI JAKARTA",100,1,92,7,2316,173,1869,274
"2020-04-19","DKI JAKARTA",98,25,70,3,2414,198,1939,277
"2020-04-20","DKI JAKARTA",70,7,58,5,2484,205,1997,282
"2020-04-21","DKI JAKARTA",149,59,88,2,2633,264,2085,284
"2020-04-22","DKI JAKARTA",108,8,99,1,2741,272,2184,285
"2020-04-23","DKI JAKARTA",122,4,118,0,2863,276,2302,285
"2020-04-24","DKI JAKARTA",78,1,77,0,2941,277,2379,285
"2020-04-25","DKI JAKARTA",78,7,53,18,3019,284,2432,303
"2020-04-26","DKI JAKARTA",104,1,96,7,3123,285,2528,310
"2020-04-27","DKI JAKARTA",65,1,51,13,3188,286,2579,323
"2020-04-28","DKI JAKARTA",124,22,99,3,3312,308,2678,326
"2020-04-29","DKI JAKARTA",86,74,12,0,3398,382,2690,326
"2020-04-30","DKI JAKARTA",83,46,37,0,3481,428,2727,326
"2020-05-01","DKI JAKARTA",135,2,129,4,3616,430,2856,330
"2020-05-02","DKI JAKARTA",70,24,29,17,3686,454,2885,347
"2020-05-03","DKI JAKARTA",58,112,-59,5,3744,566,2826,352
"2020-05-04","DKI JAKARTA",72,3,61,8,3816,569,2887,360
"2020-05-05","DKI JAKARTA",131,66,64,1,3947,635,2951,361
"2020-05-06","DKI JAKARTA",103,37,61,5,4050,672,3012,366
"2020-05-07","DKI JAKARTA",82,3,71,8,4132,675,3083,374
"2020-05-08","DKI JAKARTA",96,0,95,1,4228,675,3178,375
"2020-05-09","DKI JAKARTA",98,5,90,3,4326,680,3268,378
"2020-05-10","DKI JAKARTA",124,49,69,6,4450,729,3337,384
"2020-05-11","DKI JAKARTA",80,9,65,6,4530,738,3402,390
"2020-05-12","DKI JAKARTA",94,107,-15,2,4624,845,3387,392
"2020-05-13","DKI JAKARTA",178,96,76,6,4802,941,3463,398
"2020-05-14","DKI JAKARTA",130,134,-6,2,4932,1075,3457,400
"2020-05-15","DKI JAKARTA",82,106,-31,7,5014,1181,3426,407
"2020-05-16","DKI JAKARTA",100,18,82,0,5114,1199,3508,407
"2020-05-17","DKI JAKARTA",127,11,113,3,5241,1210,3621,410
"2020-05-18","DKI JAKARTA",79,0,79,0,5320,1210,3700,410
"2020-05-19","DKI JAKARTA",93,21,65,7,5413,1231,3765,417
"2020-05-20","DKI JAKARTA",84,3,80,1,5497,1234,3845,418
"2020-05-21","DKI JAKARTA",69,130,-69,8,5566,1364,3776,426
"2020-05-22","DKI JAKARTA",103,55,19,29,5669,1419,3795,455
"2020-05-23","DKI JAKARTA",111,54,56,1,5780,1473,3851,456
"2020-05-24","DKI JAKARTA",112,20,92,0,5892,1493,3943,456
"2020-05-25","DKI JAKARTA",75,65,10,0,5967,1558,3953,456
"2020-05-26","DKI JAKARTA",87,13,74,0,6054,1571,4027,456
"2020-05-27","DKI JAKARTA",108,16,84,8,6162,1587,4111,464
"2020-05-28","DKI JAKARTA",100,20,80,0,6262,1607,4191,464
"2020-05-29","DKI JAKARTA",124,38,86,0,6386,1645,4277,464
"2020-05-30","DKI JAKARTA",103,253,-157,7,6489,1898,4120,471
"2020-05-31","DKI JAKARTA",112,70,41,1,6601,1968,4161,472
"2020-06-01","DKI JAKARTA",153,185,-34,2,6754,2153,4127,474
"2020-06-02","DKI JAKARTA",59,120,-61,0,6813,2273,4066,474
"2020-06-03","DKI JAKARTA",88,181,-98,5,6901,2454,3968,479
"2020-06-04","DKI JAKARTA",107,21,86,0,7008,2475,4054,479
"2020-06-05","DKI JAKARTA",70,138,-69,1,7078,2613,3985,480
"2020-06-06","DKI JAKARTA",113,86,27,0,7191,2699,4012,480
"2020-06-07","DKI JAKARTA",164,285,-125,4,7355,2984,3887,484
"2020-06-08","DKI JAKARTA",88,75,13,0,7443,3059,3900,484
"2020-06-09","DKI JAKARTA",236,162,70,4,7679,3221,3970,488
"2020-06-10","DKI JAKARTA",166,141,23,2,7845,3362,3993,490
"2020-06-11","DKI JAKARTA",131,146,-16,1,7976,3508,3977,491
"2020-06-12","DKI JAKARTA",91,117,-30,4,8067,3625,3947,495
"2020-06-13","DKI JAKARTA",121,57,56,8,8188,3682,4003,503
"2020-06-14","DKI JAKARTA",118,246,-136,8,8306,3928,3867,511
"2020-06-15","DKI JAKARTA",141,110,29,2,8447,4038,3896,513
"2020-06-16","DKI JAKARTA",96,132,-36,0,8543,4170,3860,513
"2020-06-17","DKI JAKARTA",122,115,2,5,8665,4285,3862,518
"2020-06-18","DKI JAKARTA",170,129,11,30,8835,4414,3873,548
"2020-06-19","DKI JAKARTA",132,126,5,1,8967,4540,3878,549
"2020-06-20","DKI JAKARTA",189,122,59,8,9156,4662,3937,557
"2020-06-21","DKI JAKARTA",141,232,-92,1,9297,4894,3845,558
"2020-06-22","DKI JAKARTA",123,74,49,0,9420,4968,3894,558
"2020-06-23","DKI JAKARTA",160,109,43,8,9580,5077,3937,566
"2020-06-24","DKI JAKARTA",152,95,49,8,9732,5172,3986,574
"2020-06-25","DKI JAKARTA",181,218,-46,9,9913,5390,3940,583
"2020-06-26","DKI JAKARTA",197,0,193,4,10110,5390,4133,587
"2020-06-27","DKI JAKARTA",192,68,116,8,10302,5458,4249,595
"2020-06-28","DKI JAKARTA",132,255,-124,1,10434,5713,4125,596
"2020-06-29","DKI JAKARTA",122,252,-130,0,10556,5965,3995,596
"2020-06-30","DKI JAKARTA",182,393,-219,8,10738,6358,3776,604
"2020-07-01","DKI JAKARTA",215,167,48,0,10953,6525,3824,604
"2020-07-02","DKI JAKARTA",200,191,3,6,11153,6716,3827,610
"2020-07-03","DKI JAKARTA",137,239,-107,5,11290,6955,3720,615
"2020-07-04","DKI JAKARTA",218,267,-49,0,11508,7222,3671,615
"2020-07-05","DKI JAKARTA",255,286,-36,5,11763,7508,3635,620
"2020-07-06","DKI JAKARTA",221,373,-152,0,11984,7881,3483,620
"2020-07-07","DKI JAKARTA",193,242,-61,12,12177,8123,3422,632
"2020-07-08","DKI JAKARTA",350,147,198,5,12527,8270,3620,637
"2020-07-09","DKI JAKARTA",277,221,50,6,12804,8491,3670,643
"2020-07-10","DKI JAKARTA",252,180,72,0,13056,8671,3742,643
"2020-07-11","DKI JAKARTA",383,215,158,10,13439,8886,3900,653
"2020-07-12","DKI JAKARTA",389,159,220,10,13828,9045,4120,663
"2020-07-13","DKI JAKARTA",281,208,67,6,14109,9253,4187,669
"2020-07-14","DKI JAKARTA",266,120,142,4,14375,9373,4329,673
"2020-07-15","DKI JAKARTA",251,192,54,5,14626,9565,4383,678
"2020-07-16","DKI JAKARTA",309,135,167,7,14935,9700,4550,685
"2020-07-17","DKI JAKARTA",257,139,112,6,15192,9839,4662,691
"2020-07-18","DKI JAKARTA",339,120,211,8,15531,9959,4873,699
"2020-07-19","DKI JAKARTA",319,326,-16,9,15850,10285,4857,708
"2020-07-20","DKI JAKARTA",381,153,219,9,16231,10438,5076,717
"2020-07-21","DKI JAKARTA",432,266,158,8,16663,10704,5234,725
"2020-07-22","DKI JAKARTA",387,365,17,5,17050,11069,5251,730
"2020-07-23","DKI JAKARTA",462,168,292,2,17512,11237,5543,732
"2020-07-24","DKI JAKARTA",293,267,22,4,17805,11504,5565,736
"2020-07-25","DKI JAKARTA",369,174,195,0,18174,11678,5760,736
"2020-07-26","DKI JAKARTA",384,161,219,4,18558,11839,5979,740
"2020-07-27","DKI JAKARTA",501,111,380,10,19059,11950,6359,750
"2020-07-28","DKI JAKARTA",409,374,20,15,19468,12324,6379,765
"2020-07-29","DKI JAKARTA",617,247,356,14,20085,12571,6735,779
"2020-07-30","DKI JAKARTA",397,188,190,19,20482,12759,6925,798
"2020-07-31","DKI JAKARTA",430,405,11,14,20912,13164,6936,812
"2020-08-01","DKI JAKARTA",368,679,-323,12,21280,13843,6613,824
"2020-08-02","DKI JAKARTA",377,141,236,0,21657,13984,6849,824
"2020-08-03","DKI JAKARTA",472,134,322,16,22129,14118,7171,840
"2020-08-04","DKI JAKARTA",410,222,174,14,22539,14340,7345,854
"2020-08-05","DKI JAKARTA",354,379,-39,14,22893,14719,7306,868
"2020-08-06","DKI JAKARTA",556,246,297,13,23449,14965,7603,881
"2020-08-07","DKI JAKARTA",665,196,457,12,24114,15161,8060,893
"2020-08-08","DKI JAKARTA",686,509,166,11,24800,15670,8226,904
"2020-08-09","DKI JAKARTA",440,558,-124,6,25240,16228,8102,910
"2020-08-10","DKI JAKARTA",435,178,255,2,25675,16406,8357,912
"2020-08-11","DKI JAKARTA",462,184,266,12,26137,16590,8623,924
"2020-08-12","DKI JAKARTA",529,819,-305,15,26666,17409,8318,939
"2020-08-13","DKI JAKARTA",608,391,206,11,27274,17800,8524,950
"2020-08-14","DKI JAKARTA",538,692,-158,4,27812,18492,8366,954
"2020-08-15","DKI JAKARTA",583,526,51,6,28395,19018,8417,960
"2020-08-16","DKI JAKARTA",518,653,-136,1,28913,19671,8281,961
"2020-08-17","DKI JAKARTA",552,209,329,14,29465,19880,8610,975
"2020-08-18","DKI JAKARTA",513,588,-94,19,29978,20468,8516,994
"2020-08-19","DKI JAKARTA",551,568,-35,18,30529,21036,8481,1012
"2020-08-20","DKI JAKARTA",594,727,-149,16,31123,21763,8332,1028
"2020-08-21","DKI JAKARTA",657,433,209,15,31780,22196,8541,1043
"2020-08-22","DKI JAKARTA",588,648,-77,17,32368,22844,8464,1060
"2020-08-23","DKI JAKARTA",614,689,-92,17,32982,23533,8372,1077
"2020-08-24","DKI JAKARTA",633,1894,-1277,16,33615,25427,7095,1093
"2020-08-25","DKI JAKARTA",638,524,99,15,34253,25951,7194,1108
"2020-08-26","DKI JAKARTA",713,762,-56,7,34966,26713,7138,1115
"2020-08-27","DKI JAKARTA",760,1537,-788,11,35726,28250,6350,1126
"2020-08-28","DKI JAKARTA",869,881,-22,10,36595,29131,6328,1136
"2020-08-29","DKI JAKARTA",861,598,245,18,37456,29729,6573,1154
"2020-08-30","DKI JAKARTA",1094,366,719,9,38550,30095,7292,1163
"2020-04-10","GORONTALO",1,0,1,0,1,0,1,0
"2020-04-11","GORONTALO",0,0,0,0,1,0,1,0
"2020-04-12","GORONTALO",0,0,0,0,1,0,1,0
"2020-04-13","GORONTALO",0,0,0,0,1,0,1,0
"2020-04-14","GORONTALO",0,0,0,0,1,0,1,0
"2020-04-15","GORONTALO",0,0,0,0,1,0,1,0
"2020-04-16","GORONTALO",3,0,3,0,4,0,4,0
"2020-04-17","GORONTALO",0,0,0,0,4,0,4,0
"2020-04-18","GORONTALO",0,0,0,0,4,0,4,0
"2020-04-19","GORONTALO",0,0,0,0,4,0,4,0
"2020-04-20","GORONTALO",0,0,0,0,4,0,4,0
"2020-04-21","GORONTALO",3,0,2,1,7,0,6,1
"2020-04-22","GORONTALO",0,0,0,0,7,0,6,1
"2020-04-23","GORONTALO",0,0,0,0,7,0,6,1
"2020-04-24","GORONTALO",5,0,5,0,12,0,11,1
"2020-04-25","GORONTALO",2,0,2,0,14,0,13,1
"2020-04-26","GORONTALO",0,0,0,0,14,0,13,1
"2020-04-27","GORONTALO",0,0,0,0,14,0,13,1
"2020-04-28","GORONTALO",1,2,-1,0,15,2,12,1
"2020-04-29","GORONTALO",0,0,0,0,15,2,12,1
"2020-04-30","GORONTALO",0,0,0,0,15,2,12,1
"2020-05-01","GORONTALO",0,0,0,0,15,2,12,1
"2020-05-02","GORONTALO",0,0,0,0,15,2,12,1
"2020-05-03","GORONTALO",0,0,0,0,15,2,12,1
"2020-05-04","GORONTALO",0,0,0,0,15,2,12,1
"2020-05-05","GORONTALO",0,4,-4,0,15,6,8,1
"2020-05-06","GORONTALO",0,1,-1,0,15,7,7,1
"2020-05-07","GORONTALO",4,0,4,0,19,7,11,1
"2020-05-08","GORONTALO",0,3,-3,0,19,10,8,1
"2020-05-09","GORONTALO",0,0,0,0,19,10,8,1
"2020-05-10","GORONTALO",0,1,-1,0,19,11,7,1
"2020-05-11","GORONTALO",0,0,0,0,19,11,7,1
"2020-05-12","GORONTALO",0,0,0,0,19,11,7,1
"2020-05-13","GORONTALO",0,1,-1,0,19,12,6,1
"2020-05-14","GORONTALO",2,1,1,0,21,13,7,1
"2020-05-15","GORONTALO",1,1,0,0,22,14,7,1
"2020-05-16","GORONTALO",1,0,0,1,23,14,7,2
"2020-05-17","GORONTALO",1,0,1,0,24,14,8,2
"2020-05-18","GORONTALO",4,0,4,0,28,14,12,2
"2020-05-19","GORONTALO",0,0,0,0,28,14,12,2
"2020-05-20","GORONTALO",0,1,-1,0,28,15,11,2
"2020-05-21","GORONTALO",16,0,16,0,44,15,27,2
"2020-05-22","GORONTALO",3,2,1,0,47,17,28,2
"2020-05-23","GORONTALO",2,1,1,0,49,18,29,2
"2020-05-24","GORONTALO",9,0,9,0,58,18,38,2
"2020-05-25","GORONTALO",0,0,0,0,58,18,38,2
"2020-05-26","GORONTALO",0,0,0,0,58,18,38,2
"2020-05-27","GORONTALO",2,0,2,0,60,18,40,2
"2020-05-28","GORONTALO",5,1,3,1,65,19,43,3
"2020-05-29","GORONTALO",3,4,-1,0,68,23,42,3
"2020-05-30","GORONTALO",1,0,-1,2,69,23,41,5
"2020-05-31","GORONTALO",25,3,21,1,94,26,62,6
"2020-06-01","GORONTALO",0,0,0,0,94,26,62,6
"2020-06-02","GORONTALO",14,3,11,0,108,29,73,6
"2020-06-03","GORONTALO",10,0,10,0,118,29,83,6
"2020-06-04","GORONTALO",3,1,2,0,121,30,85,6
"2020-06-05","GORONTALO",0,4,-4,0,121,34,81,6
"2020-06-06","GORONTALO",5,21,-16,0,126,55,65,6
"2020-06-07","GORONTALO",8,4,4,0,134,59,69,6
"2020-06-08","GORONTALO",0,4,-5,1,134,63,64,7
"2020-06-09","GORONTALO",5,7,-2,0,139,70,62,7
"2020-06-10","GORONTALO",6,2,4,0,145,72,66,7
"2020-06-11","GORONTALO",3,10,-7,0,148,82,59,7
"2020-06-12","GORONTALO",33,1,32,0,181,83,91,7
"2020-06-13","GORONTALO",4,0,3,1,185,83,94,8
"2020-06-14","GORONTALO",0,8,-8,0,185,91,86,8
"2020-06-15","GORONTALO",23,1,22,0,208,92,108,8
"2020-06-16","GORONTALO",6,2,4,0,214,94,112,8
"2020-06-17","GORONTALO",0,32,-32,0,214,126,80,8
"2020-06-18","GORONTALO",0,0,0,0,214,126,80,8
"2020-06-19","GORONTALO",6,0,6,0,220,126,86,8
"2020-06-20","GORONTALO",0,13,-13,0,220,139,73,8
"2020-06-21","GORONTALO",7,1,6,0,227,140,79,8
"2020-06-22","GORONTALO",3,5,-2,0,230,145,77,8
"2020-06-23","GORONTALO",1,30,-29,0,231,175,48,8
"2020-06-24","GORONTALO",7,0,7,0,238,175,55,8
"2020-06-25","GORONTALO",5,26,-21,0,243,201,34,8
"2020-06-26","GORONTALO",0,0,0,0,243,201,34,8
"2020-06-27","GORONTALO",0,0,0,0,243,201,34,8
"2020-06-28","GORONTALO",0,0,0,0,243,201,34,8
"2020-06-29","GORONTALO",0,12,-13,1,243,213,21,9
"2020-06-30","GORONTALO",6,0,5,1,249,213,26,10
"2020-07-01","GORONTALO",0,10,-11,1,249,223,15,11
"2020-07-02","GORONTALO",7,3,4,0,256,226,19,11
"2020-07-03","GORONTALO",5,0,5,0,261,226,24,11
"2020-07-04","GORONTALO",8,1,7,0,269,227,31,11
"2020-07-05","GORONTALO",0,0,0,0,269,227,31,11
"2020-07-06","GORONTALO",2,0,0,2,271,227,31,13
"2020-07-07","GORONTALO",5,0,3,2,276,227,34,15
"2020-07-08","GORONTALO",10,0,8,2,286,227,42,17
"2020-07-09","GORONTALO",0,0,0,0,286,227,42,17
"2020-07-10","GORONTALO",30,2,28,0,316,229,70,17
"2020-07-11","GORONTALO",29,1,28,0,345,230,98,17
"2020-07-12","GORONTALO",14,2,12,0,359,232,110,17
"2020-07-13","GORONTALO",4,5,-4,3,363,237,106,20
"2020-07-14","GORONTALO",22,7,15,0,385,244,121,20
"2020-07-15","GORONTALO",7,13,-6,0,392,257,115,20
"2020-07-16","GORONTALO",24,9,14,1,416,266,129,21
"2020-07-17","GORONTALO",9,35,-29,3,425,301,100,24
"2020-07-18","GORONTALO",1,3,-4,2,426,304,96,26
"2020-07-19","GORONTALO",6,7,-1,0,432,311,95,26
"2020-07-20","GORONTALO",105,0,103,2,537,311,198,28
"2020-07-21","GORONTALO",79,0,78,1,616,311,276,29
"2020-07-22","GORONTALO",0,0,-1,1,616,311,275,30
"2020-07-23","GORONTALO",4,11,-8,1,620,322,267,31
"2020-07-24","GORONTALO",74,11,63,0,694,333,330,31
"2020-07-25","GORONTALO",102,14,88,0,796,347,418,31
"2020-07-26","GORONTALO",24,35,-13,2,820,382,405,33
"2020-07-27","GORONTALO",31,15,16,0,851,397,421,33
"2020-07-28","GORONTALO",4,43,-39,0,855,440,382,33
"2020-07-29","GORONTALO",102,11,91,0,957,451,473,33
"2020-07-30","GORONTALO",58,18,40,0,1015,469,513,33
"2020-07-31","GORONTALO",0,76,-76,0,1015,545,437,33
"2020-08-01","GORONTALO",142,45,96,1,1157,590,533,34
"2020-08-02","GORONTALO",127,61,66,0,1284,651,599,34
"2020-08-03","GORONTALO",38,49,-12,1,1322,700,587,35
"2020-08-04","GORONTALO",65,63,0,2,1387,763,587,37
"2020-08-05","GORONTALO",40,31,9,0,1427,794,596,37
"2020-08-06","GORONTALO",4,121,-117,0,1431,915,479,37
"2020-08-07","GORONTALO",38,102,-64,0,1469,1017,415,37
"2020-08-08","GORONTALO",80,98,-18,0,1549,1115,397,37
"2020-08-09","GORONTALO",7,0,5,2,1556,1115,402,39
"2020-08-10","GORONTALO",58,19,37,2,1614,1134,439,41
"2020-08-11","GORONTALO",3,56,-53,0,1617,1190,386,41
"2020-08-12","GORONTALO",47,32,14,1,1664,1222,400,42
"2020-08-13","GORONTALO",8,24,-16,0,1672,1246,384,42
"2020-08-14","GORONTALO",3,25,-24,2,1675,1271,360,44
"2020-08-15","GORONTALO",40,18,21,1,1715,1289,381,45
"2020-08-16","GORONTALO",6,16,-10,0,1721,1305,371,45
"2020-08-17","GORONTALO",67,4,61,2,1788,1309,432,47
"2020-08-18","GORONTALO",33,53,-20,0,1821,1362,412,47
"2020-08-19","GORONTALO",54,39,15,0,1875,1401,427,47
"2020-08-20","GORONTALO",0,47,-47,0,1875,1448,380,47
"2020-08-21","GORONTALO",12,28,-18,2,1887,1476,362,49
"2020-08-22","GORONTALO",0,32,-32,0,1887,1508,330,49
"2020-08-23","GORONTALO",72,7,64,1,1959,1515,394,50
"2020-08-24","GORONTALO",0,50,-51,1,1959,1565,343,51
"2020-08-25","GORONTALO",11,0,11,0,1970,1565,354,51
"2020-08-26","GORONTALO",0,27,-27,0,1970,1592,327,51
"2020-08-27","GORONTALO",53,11,42,0,2023,1603,369,51
"2020-08-28","GORONTALO",12,152,-141,1,2035,1755,228,52
"2020-08-29","GORONTALO",6,13,-9,2,2041,1768,219,54
"2020-03-30","JAMBI",1,0,1,0,1,0,1,0
"2020-03-31","JAMBI",0,0,0,0,1,0,1,0
"2020-04-01","JAMBI",0,0,0,0,1,0,1,0
"2020-04-02","JAMBI",0,0,0,0,1,0,1,0
"2020-04-03","JAMBI",0,0,0,0,1,0,1,0
"2020-04-04","JAMBI",0,0,0,0,1,0,1,0
"2020-04-05","JAMBI",0,0,0,0,1,0,1,0
"2020-04-06","JAMBI",0,0,0,0,1,0,1,0
"2020-04-07","JAMBI",0,0,0,0,1,0,1,0
"2020-04-08","JAMBI",0,0,0,0,1,0,1,0
"2020-04-09","JAMBI",0,0,0,0,1,0,1,0
"2020-04-10","JAMBI",0,0,0,0,1,0,1,0
"2020-04-11","JAMBI",2,0,2,0,3,0,3,0
"2020-04-12","JAMBI",0,0,0,0,3,0,3,0
"2020-04-13","JAMBI",0,0,0,0,3,0,3,0
"2020-04-14","JAMBI",1,0,1,0,4,0,4,0
"2020-04-15","JAMBI",1,0,1,0,5,0,5,0
"2020-04-16","JAMBI",1,0,1,0,6,0,6,0
"2020-04-17","JAMBI",1,0,1,0,7,0,7,0
"2020-04-18","JAMBI",0,1,-1,0,7,1,6,0
"2020-04-19","JAMBI",0,0,0,0,7,1,6,0
"2020-04-20","JAMBI",0,0,0,0,7,1,6,0
"2020-04-21","JAMBI",5,0,5,0,12,1,11,0
"2020-04-22","JAMBI",0,0,0,0,12,1,11,0
"2020-04-23","JAMBI",1,0,1,0,13,1,12,0
"2020-04-24","JAMBI",4,0,4,0,17,1,16,0
"2020-04-25","JAMBI",3,0,3,0,20,1,19,0
"2020-04-26","JAMBI",11,0,11,0,31,1,30,0
"2020-04-27","JAMBI",0,0,0,0,31,1,30,0
"2020-04-28","JAMBI",0,0,0,0,31,1,30,0
"2020-04-29","JAMBI",0,0,0,0,31,1,30,0
"2020-04-30","JAMBI",0,0,0,0,31,1,30,0
"2020-05-01","JAMBI",0,0,0,0,31,1,30,0
"2020-05-02","JAMBI",0,0,0,0,31,1,30,0
"2020-05-03","JAMBI",6,0,6,0,37,1,36,0
"2020-05-04","JAMBI",0,0,0,0,37,1,36,0
"2020-05-05","JAMBI",5,0,5,0,42,1,41,0
"2020-05-06","JAMBI",4,0,4,0,46,1,45,0
"2020-05-07","JAMBI",0,0,0,0,46,1,45,0
"2020-05-08","JAMBI",0,0,0,0,46,1,45,0
"2020-05-09","JAMBI",15,2,13,0,61,3,58,0
"2020-05-10","JAMBI",2,0,2,0,63,3,60,0
"2020-05-11","JAMBI",1,0,1,0,64,3,61,0
"2020-05-12","JAMBI",0,0,0,0,64,3,61,0
"2020-05-13","JAMBI",0,0,0,0,64,3,61,0
"2020-05-14","JAMBI",1,0,1,0,65,3,62,0
"2020-05-15","JAMBI",3,0,3,0,68,3,65,0
"2020-05-16","JAMBI",10,1,9,0,78,4,74,0
"2020-05-17","JAMBI",1,0,1,0,79,4,75,0
"2020-05-18","JAMBI",1,0,1,0,80,4,76,0
"2020-05-19","JAMBI",3,0,3,0,83,4,79,0
"2020-05-20","JAMBI",5,2,3,0,88,6,82,0
"2020-05-21","JAMBI",0,2,-2,0,88,8,80,0
"2020-05-22","JAMBI",2,0,2,0,90,8,82,0
"2020-05-23","JAMBI",0,5,-5,0,90,13,77,0
"2020-05-24","JAMBI",4,2,2,0,94,15,79,0
"2020-05-25","JAMBI",2,0,2,0,96,15,81,0
"2020-05-26","JAMBI",0,0,0,0,96,15,81,0
"2020-05-27","JAMBI",0,0,0,0,96,15,81,0
"2020-05-28","JAMBI",0,0,0,0,96,15,81,0
"2020-05-29","JAMBI",0,0,0,0,96,15,81,0
"2020-05-30","JAMBI",0,0,0,0,96,15,81,0
"2020-05-31","JAMBI",0,0,0,0,96,15,81,0
"2020-06-01","JAMBI",0,5,-5,0,96,20,76,0
"2020-06-02","JAMBI",0,0,0,0,96,20,76,0
"2020-06-03","JAMBI",0,7,-7,0,96,27,69,0
"2020-06-04","JAMBI",2,0,2,0,98,27,71,0
"2020-06-05","JAMBI",2,0,2,0,100,27,73,0
"2020-06-06","JAMBI",2,0,2,0,102,27,75,0
"2020-06-07","JAMBI",0,0,0,0,102,27,75,0
"2020-06-08","JAMBI",0,0,0,0,102,27,75,0
"2020-06-09","JAMBI",0,0,0,0,102,27,75,0
"2020-06-10","JAMBI",2,0,2,0,104,27,77,0
"2020-06-11","JAMBI",0,0,0,0,104,27,77,0
"2020-06-12","JAMBI",1,0,1,0,105,27,78,0
"2020-06-13","JAMBI",2,10,-8,0,107,37,70,0
"2020-06-14","JAMBI",0,0,0,0,107,37,70,0
"2020-06-15","JAMBI",0,0,0,0,107,37,70,0
"2020-06-16","JAMBI",0,8,-8,0,107,45,62,0
"2020-06-17","JAMBI",1,0,1,0,108,45,63,0
"2020-06-18","JAMBI",0,0,0,0,108,45,63,0
"2020-06-19","JAMBI",3,1,2,0,111,46,65,0
"2020-06-20","JAMBI",0,0,0,0,111,46,65,0
"2020-06-21","JAMBI",0,0,0,0,111,46,65,0
"2020-06-22","JAMBI",0,0,0,0,111,46,65,0
"2020-06-23","JAMBI",2,20,-18,0,113,66,47,0
"2020-06-24","JAMBI",0,0,0,0,113,66,47,0
"2020-06-25","JAMBI",0,0,0,0,113,66,47,0
"2020-06-26","JAMBI",0,0,0,0,113,66,47,0
"2020-06-27","JAMBI",3,3,0,0,116,69,47,0
"2020-06-28","JAMBI",0,0,0,0,116,69,47,0
"2020-06-29","JAMBI",0,0,0,0,116,69,47,0
"2020-06-30","JAMBI",0,0,0,0,116,69,47,0
"2020-07-01","JAMBI",0,8,-8,0,116,77,39,0
"2020-07-02","JAMBI",0,0,0,0,116,77,39,0
"2020-07-03","JAMBI",0,0,0,0,116,77,39,0
"2020-07-04","JAMBI",0,0,0,0,116,77,39,0
"2020-07-05","JAMBI",3,4,-2,1,119,81,37,1
"2020-07-06","JAMBI",0,0,0,0,119,81,37,1
"2020-07-07","JAMBI",1,0,1,0,120,81,38,1
"2020-07-08","JAMBI",0,0,0,0,120,81,38,1
"2020-07-09","JAMBI",1,0,1,0,121,81,39,1
"2020-07-10","JAMBI",0,3,-3,0,121,84,36,1
"2020-07-11","JAMBI",0,0,0,0,121,84,36,1
"2020-07-12","JAMBI",0,9,-9,0,121,93,27,1
"2020-07-13","JAMBI",0,0,-1,1,121,93,26,2
"2020-07-14","JAMBI",2,0,2,0,123,93,28,2
"2020-07-15","JAMBI",1,2,-1,0,124,95,27,2
"2020-07-16","JAMBI",0,0,0,0,124,95,27,2
"2020-07-17","JAMBI",1,3,-2,0,125,98,25,2
"2020-07-18","JAMBI",6,3,3,0,131,101,28,2
"2020-07-19","JAMBI",0,3,-3,0,131,104,25,2
"2020-07-20","JAMBI",0,0,0,0,131,104,25,2
"2020-07-21","JAMBI",2,0,2,0,133,104,27,2
"2020-07-22","JAMBI",2,3,-1,0,135,107,26,2
"2020-07-23","JAMBI",0,3,-3,0,135,110,23,2
"2020-07-24","JAMBI",2,1,1,0,137,111,24,2
"2020-07-25","JAMBI",1,1,0,0,138,112,24,2
"2020-07-26","JAMBI",0,0,0,0,138,112,24,2
"2020-07-27","JAMBI",0,0,0,0,138,112,24,2
"2020-07-28","JAMBI",0,1,-1,0,138,113,23,2
"2020-07-29","JAMBI",15,2,11,2,153,115,34,4
"2020-07-30","JAMBI",2,0,2,0,155,115,36,4
"2020-07-31","JAMBI",6,0,6,0,161,115,42,4
"2020-08-01","JAMBI",6,0,6,0,167,115,48,4
"2020-08-02","JAMBI",1,0,1,0,168,115,49,4
"2020-08-03","JAMBI",0,0,0,0,168,115,49,4
"2020-08-04","JAMBI",19,1,18,0,187,116,67,4
"2020-08-05","JAMBI",5,0,5,0,192,116,72,4
"2020-08-06","JAMBI",0,0,0,0,192,116,72,4
"2020-08-07","JAMBI",12,1,11,0,204,117,83,4
"2020-08-08","JAMBI",5,0,5,0,209,117,88,4
"2020-08-09","JAMBI",0,1,-1,0,209,118,87,4
"2020-08-10","JAMBI",0,0,0,0,209,118,87,4
"2020-08-11","JAMBI",0,0,0,0,209,118,87,4
"2020-08-12","JAMBI",5,1,4,0,214,119,91,4
"2020-08-13","JAMBI",0,0,0,0,214,119,91,4
"2020-08-14","JAMBI",7,1,6,0,221,120,97,4
"2020-08-15","JAMBI",3,1,2,0,224,121,99,4
"2020-08-16","JAMBI",0,0,0,0,224,121,99,4
"2020-08-17","JAMBI",20,1,19,0,244,122,118,4
"2020-08-18","JAMBI",0,0,0,0,244,122,118,4
"2020-08-19","JAMBI",5,4,1,0,249,126,119,4
"2020-08-20","JAMBI",0,0,0,0,249,126,119,4
"2020-08-21","JAMBI",21,4,16,1,270,130,135,5
"2020-08-22","JAMBI",3,1,2,0,273,131,137,5
"2020-08-23","JAMBI",0,0,0,0,273,131,137,5
"2020-08-24","JAMBI",0,0,0,0,273,131,137,5
"2020-08-25","JAMBI",7,2,5,0,280,133,142,5
"2020-08-26","JAMBI",8,4,4,0,288,137,146,5
"2020-08-27","JAMBI",7,0,7,0,295,137,153,5
"2020-08-28","JAMBI",6,6,0,0,301,143,153,5
"2020-03-01","JAWA BARAT",3,0,3,0,3,0,3,0
"2020-03-02","JAWA BARAT",0,0,0,0,3,0,3,0
"2020-03-03","JAWA BARAT",1,0,0,1,4,0,3,1
"2020-03-04","JAWA BARAT",1,0,1,0,5,0,4,1
"2020-03-05","JAWA BARAT",0,0,0,0,5,0,4,1
"2020-03-06","JAWA BARAT",1,0,1,0,6,0,5,1
"2020-03-07","JAWA BARAT",0,0,0,0,6,0,5,1
"2020-03-08","JAWA BARAT",0,0,0,0,6,0,5,1
"2020-03-09","JAWA BARAT",0,0,0,0,6,0,5,1
"2020-03-10","JAWA BARAT",0,0,0,0,6,0,5,1
"2020-03-11","JAWA BARAT",1,0,0,1,7,0,5,2
"2020-03-12","JAWA BARAT",1,0,1,0,8,0,6,2
"2020-03-13","JAWA BARAT",4,4,0,0,12,4,6,2
"2020-03-14","JAWA BARAT",0,0,0,0,12,4,6,2
"2020-03-15","JAWA BARAT",0,0,0,0,12,4,6,2
"2020-03-16","JAWA BARAT",1,0,1,0,13,4,7,2
"2020-03-17","JAWA BARAT",11,0,11,0,24,4,18,2
"2020-03-18","JAWA BARAT",5,1,3,1,29,5,21,3
"2020-03-19","JAWA BARAT",7,0,6,1,36,5,27,4
"2020-03-20","JAWA BARAT",16,0,14,2,52,5,41,6
"2020-03-21","JAWA BARAT",5,0,5,0,57,5,46,6
"2020-03-22","JAWA BARAT",3,0,0,3,60,5,46,9
"2020-03-23","JAWA BARAT",8,0,6,2,68,5,52,11
"2020-03-24","JAWA BARAT",1,1,-1,1,69,6,51,12
"2020-03-25","JAWA BARAT",4,0,4,0,73,6,55,12
"2020-03-26","JAWA BARAT",8,0,8,0,81,6,63,12
"2020-03-27","JAWA BARAT",27,0,23,4,108,6,86,16
"2020-03-28","JAWA BARAT",23,1,20,2,131,7,106,18
"2020-03-29","JAWA BARAT",33,1,30,2,164,8,136,20
"2020-03-30","JAWA BARAT",25,3,22,0,189,11,158,20
"2020-03-31","JAWA BARAT",9,0,9,0,198,11,167,20
"2020-04-01","JAWA BARAT",25,0,25,0,223,11,192,20
"2020-04-02","JAWA BARAT",23,1,18,4,246,12,210,24
"2020-04-03","JAWA BARAT",2,2,-1,1,248,14,209,25
"2020-04-04","JAWA BARAT",25,0,23,2,273,14,232,27
"2020-04-05","JAWA BARAT",10,0,10,0,283,14,242,27
"2020-04-06","JAWA BARAT",20,1,18,1,303,15,260,28
"2020-04-07","JAWA BARAT",80,3,77,0,383,18,337,28
"2020-04-08","JAWA BARAT",25,1,19,5,408,19,356,33
"2020-04-09","JAWA BARAT",21,2,13,6,429,21,369,39
"2020-04-10","JAWA BARAT",11,0,11,0,440,21,380,39
"2020-04-11","JAWA BARAT",45,1,43,1,485,22,423,40
"2020-04-12","JAWA BARAT",33,3,26,4,518,25,449,44
"2020-04-13","JAWA BARAT",77,3,64,10,595,28,513,54
"2020-04-14","JAWA BARAT",5,1,4,0,600,29,517,54
"2020-04-15","JAWA BARAT",37,1,33,3,637,30,550,57
"2020-04-16","JAWA BARAT",22,5,16,1,659,35,566,58
"2020-04-17","JAWA BARAT",65,16,46,3,724,51,612,61
"2020-04-18","JAWA BARAT",15,0,15,0,739,51,627,61
"2020-04-19","JAWA BARAT",54,9,44,1,793,60,671,62
"2020-04-20","JAWA BARAT",27,4,20,3,820,64,691,65
"2020-04-21","JAWA BARAT",18,23,-10,5,838,87,681,70
"2020-04-22","JAWA BARAT",8,3,2,3,846,90,683,73
"2020-04-23","JAWA BARAT",27,9,15,3,873,99,698,76
"2020-04-24","JAWA BARAT",74,3,69,2,947,102,767,78
"2020-04-25","JAWA BARAT",47,3,44,0,994,105,811,78
"2020-04-26","JAWA BARAT",12,1,11,0,1006,106,822,78
"2020-04-27","JAWA BARAT",40,3,36,1,1046,109,858,79
"2020-04-28","JAWA BARAT",19,7,11,1,1065,116,869,80
"2020-04-29","JAWA BARAT",40,7,33,0,1105,123,902,80
"2020-04-30","JAWA BARAT",5,37,-36,4,1110,160,866,84
"2020-05-01","JAWA BARAT",4,3,1,0,1114,163,867,84
"2020-05-02","JAWA BARAT",36,3,32,1,1150,166,899,85
"2020-05-03","JAWA BARAT",14,8,5,1,1164,174,904,86
"2020-05-04","JAWA BARAT",187,7,177,3,1351,181,1081,89
"2020-05-05","JAWA BARAT",52,10,41,1,1403,191,1122,90
"2020-05-06","JAWA BARAT",21,11,7,3,1424,202,1129,93
"2020-05-07","JAWA BARAT",53,8,45,0,1477,210,1174,93
"2020-05-08","JAWA BARAT",30,1,27,2,1507,211,1201,95
"2020-05-09","JAWA BARAT",31,19,9,3,1538,230,1210,98
"2020-05-10","JAWA BARAT",0,0,0,0,1538,230,1210,98
"2020-05-11","JAWA BARAT",55,11,41,3,1593,241,1251,101
"2020-05-12","JAWA BARAT",53,4,49,0,1646,245,1300,101
"2020-05-13","JAWA BARAT",8,27,-19,0,1654,272,1281,101
"2020-05-14","JAWA BARAT",10,7,2,1,1664,279,1283,102
"2020-05-15","JAWA BARAT",33,18,14,1,1697,297,1297,103
"2020-05-16","JAWA BARAT",24,2,22,0,1721,299,1319,103
"2020-05-17","JAWA BARAT",32,58,-36,10,1753,357,1283,113
"2020-05-18","JAWA BARAT",22,77,-69,14,1775,434,1214,127
"2020-05-19","JAWA BARAT",22,14,7,1,1797,448,1221,128
"2020-05-20","JAWA BARAT",143,2,141,0,1940,450,1362,128
"2020-05-21","JAWA BARAT",70,11,59,0,2010,461,1421,128
"2020-05-22","JAWA BARAT",39,13,24,2,2049,474,1445,130
"2020-05-23","JAWA BARAT",57,41,14,2,2106,515,1459,132
"2020-05-24","JAWA BARAT",46,11,34,1,2152,526,1493,133
"2020-05-25","JAWA BARAT",21,4,17,0,2173,530,1510,133
"2020-05-26","JAWA BARAT",17,26,-18,9,2190,556,1492,142
"2020-05-27","JAWA BARAT",23,36,-18,5,2213,592,1474,147
"2020-05-28","JAWA BARAT",25,46,-21,0,2238,638,1453,147
"2020-05-29","JAWA BARAT",40,7,32,1,2278,645,1485,148
"2020-05-30","JAWA BARAT",20,34,-16,2,2298,679,1469,150
"2020-05-31","JAWA BARAT",38,9,29,0,2336,688,1498,150
"2020-06-01","JAWA BARAT",41,8,33,0,2377,696,1531,150
"2020-06-02","JAWA BARAT",18,36,-25,7,2395,732,1506,157
"2020-06-03","JAWA BARAT",4,57,-56,3,2399,789,1450,160
"2020-06-04","JAWA BARAT",8,20,-13,1,2407,809,1437,161
"2020-06-05","JAWA BARAT",15,49,-37,3,2422,858,1400,164
"2020-06-06","JAWA BARAT",13,18,-5,0,2435,876,1395,164
"2020-06-07","JAWA BARAT",34,106,-72,0,2469,982,1323,164
"2020-06-08","JAWA BARAT",23,75,-55,3,2492,1057,1268,167
"2020-06-09","JAWA BARAT",29,15,14,0,2521,1072,1282,167
"2020-06-10","JAWA BARAT",52,38,14,0,2573,1110,1296,167
"2020-06-11","JAWA BARAT",48,21,27,0,2621,1131,1323,167
"2020-06-12","JAWA BARAT",15,46,-31,0,2636,1177,1292,167
"2020-06-13","JAWA BARAT",12,36,-24,0,2648,1213,1268,167
"2020-06-14","JAWA BARAT",15,44,-29,0,2663,1257,1239,167
"2020-06-15","JAWA BARAT",24,7,16,1,2687,1264,1255,168
"2020-06-16","JAWA BARAT",37,11,26,0,2724,1275,1281,168
"2020-06-17","JAWA BARAT",43,28,8,7,2767,1303,1289,175
"2020-06-18","JAWA BARAT",51,53,-4,2,2818,1356,1285,177
"2020-06-19","JAWA BARAT",63,30,33,0,2881,1386,1318,177
"2020-06-20","JAWA BARAT",19,1,18,0,2900,1387,1336,177
"2020-06-21","JAWA BARAT",22,2,20,0,2922,1389,1356,177
"2020-06-22","JAWA BARAT",18,24,-6,0,2940,1413,1350,177
"2020-06-23","JAWA BARAT",32,30,2,0,2972,1443,1352,177
"2020-06-24","JAWA BARAT",46,10,36,0,3018,1453,1388,177
"2020-06-25","JAWA BARAT",41,67,-28,2,3059,1520,1360,179
"2020-06-26","JAWA BARAT",35,111,-78,2,3094,1631,1282,181
"2020-06-27","JAWA BARAT",49,15,34,0,3143,1646,1316,181
"2020-06-28","JAWA BARAT",25,9,16,0,3168,1655,1332,181
"2020-06-29","JAWA BARAT",43,3,40,0,3211,1658,1372,181
"2020-06-30","JAWA BARAT",75,84,-10,1,3286,1742,1362,182
"2020-07-01","JAWA BARAT",58,15,42,1,3344,1757,1404,183
"2020-07-02","JAWA BARAT",65,45,20,0,3409,1802,1424,183
"2020-07-03","JAWA BARAT",33,4,29,0,3442,1806,1453,183
"2020-07-04","JAWA BARAT",86,22,64,0,3528,1828,1517,183
"2020-07-05","JAWA BARAT",107,17,90,0,3635,1845,1607,183
"2020-07-06","JAWA BARAT",129,22,106,1,3764,1867,1713,184
"2020-07-07","JAWA BARAT",80,44,34,2,3844,1911,1747,186
"2020-07-08","JAWA BARAT",95,25,68,2,3939,1936,1815,188
"2020-07-09","JAWA BARAT",964,28,932,4,4903,1964,2747,192
"2020-07-10","JAWA BARAT",109,35,74,0,5012,1999,2821,192
"2020-07-11","JAWA BARAT",74,29,44,1,5086,2028,2865,193
"2020-07-12","JAWA BARAT",45,9,36,0,5131,2037,2901,193
"2020-07-13","JAWA BARAT",87,19,68,0,5218,2056,2969,193
"2020-07-14","JAWA BARAT",77,34,42,1,5295,2090,3011,194
"2020-07-15","JAWA BARAT",74,147,-74,1,5369,2237,2937,195
"2020-07-16","JAWA BARAT",39,18,21,0,5408,2255,2958,195
"2020-07-17","JAWA BARAT",53,33,19,1,5461,2288,2977,196
"2020-07-18","JAWA BARAT",58,18,39,1,5519,2306,3016,197
"2020-07-19","JAWA BARAT",24,4,20,0,5543,2310,3036,197
"2020-07-20","JAWA BARAT",59,94,-35,0,5602,2404,3001,197
"2020-07-21","JAWA BARAT",64,32,28,4,5666,2436,3029,201
"2020-07-22","JAWA BARAT",32,23,9,0,5698,2459,3038,201
"2020-07-23","JAWA BARAT",64,13,50,1,5762,2472,3088,202
"2020-07-24","JAWA BARAT",89,19,70,0,5851,2491,3158,202
"2020-07-25","JAWA BARAT",71,33,38,0,5922,2524,3196,202
"2020-07-26","JAWA BARAT",48,23,25,0,5970,2547,3221,202
"2020-07-27","JAWA BARAT",57,406,-349,0,6027,2953,2872,202
"2020-07-28","JAWA BARAT",133,607,-474,0,6160,3560,2398,202
"2020-07-29","JAWA BARAT",97,48,47,2,6257,3608,2445,204
"2020-07-30","JAWA BARAT",144,334,-192,2,6401,3942,2253,206
"2020-07-31","JAWA BARAT",70,17,53,0,6471,3959,2306,206
"2020-08-01","JAWA BARAT",61,19,42,0,6532,3978,2348,206
"2020-08-02","JAWA BARAT",57,7,50,0,6589,3985,2398,206
"2020-08-03","JAWA BARAT",54,47,7,0,6643,4032,2405,206
"2020-08-04","JAWA BARAT",93,170,-82,5,6736,4202,2323,211
"2020-08-05","JAWA BARAT",124,9,115,0,6860,4211,2438,211
"2020-08-06","JAWA BARAT",83,32,50,1,6943,4243,2488,212
"2020-08-07","JAWA BARAT",151,63,84,4,7094,4306,2572,216
"2020-08-08","JAWA BARAT",241,40,198,3,7335,4346,2770,219
"2020-08-09","JAWA BARAT",177,65,108,4,7512,4411,2878,223
"2020-08-10","JAWA BARAT",33,27,6,0,7545,4438,2884,223
"2020-08-11","JAWA BARAT",95,39,52,4,7640,4477,2936,227
"2020-08-12","JAWA BARAT",106,71,34,1,7746,4548,2970,228
"2020-08-13","JAWA BARAT",110,17,92,1,7856,4565,3062,229
"2020-08-14","JAWA BARAT",358,20,337,1,8214,4585,3399,230
"2020-08-15","JAWA BARAT",229,36,193,0,8443,4621,3592,230
"2020-08-16","JAWA BARAT",78,41,35,2,8521,4662,3627,232
"2020-08-17","JAWA BARAT",44,45,-2,1,8565,4707,3625,233
"2020-08-18","JAWA BARAT",45,16,29,0,8610,4723,3654,233
"2020-08-19","JAWA BARAT",104,48,52,4,8714,4771,3706,237
"2020-08-20","JAWA BARAT",197,71,124,2,8911,4842,3830,239
"2020-08-21","JAWA BARAT",93,123,-38,8,9004,4965,3792,247
"2020-08-22","JAWA BARAT",156,181,-31,6,9160,5146,3761,253
"2020-08-23","JAWA BARAT",68,516,-449,1,9228,5662,3312,254
"2020-08-24","JAWA BARAT",133,208,-78,3,9361,5870,3234,257
"2020-08-25","JAWA BARAT",259,5,253,1,9620,5875,3487,258
"2020-08-26","JAWA BARAT",179,30,149,0,9799,5905,3636,258
"2020-08-27","JAWA BARAT",154,87,67,0,9953,5992,3703,258
"2020-08-28","JAWA BARAT",564,67,495,2,10517,6059,4198,260
"2020-08-29","JAWA BARAT",289,8,281,0,10806,6067,4479,260
"2020-08-30","JAWA BARAT",103,21,82,0,10909,6088,4561,260
"2020-03-18","JAWA TENGAH",1,0,0,1,1,0,0,1
"2020-03-19","JAWA TENGAH",1,0,1,0,2,0,1,1
"2020-03-20","JAWA TENGAH",2,0,2,0,4,0,3,1
"2020-03-21","JAWA TENGAH",1,0,0,1,5,0,3,2
"2020-03-22","JAWA TENGAH",0,0,0,0,5,0,3,2
"2020-03-23","JAWA TENGAH",3,0,3,0,8,0,6,2
"2020-03-24","JAWA TENGAH",1,0,0,1,9,0,6,3
"2020-03-25","JAWA TENGAH",18,0,17,1,27,0,23,4
"2020-03-26","JAWA TENGAH",2,1,1,0,29,1,24,4
"2020-03-27","JAWA TENGAH",4,0,4,0,33,1,28,4
"2020-03-28","JAWA TENGAH",12,2,9,1,45,3,37,5
"2020-03-29","JAWA TENGAH",7,0,5,2,52,3,42,7
"2020-03-30","JAWA TENGAH",14,0,13,1,66,3,55,8
"2020-03-31","JAWA TENGAH",12,0,10,2,78,3,65,10
"2020-04-01","JAWA TENGAH",8,15,-14,7,86,18,51,17
"2020-04-02","JAWA TENGAH",0,1,-3,2,86,19,48,19
"2020-04-03","JAWA TENGAH",13,4,8,1,99,23,56,20
"2020-04-04","JAWA TENGAH",8,3,4,1,107,26,60,21
"2020-04-05","JAWA TENGAH",0,0,0,0,107,26,60,21
"2020-04-06","JAWA TENGAH",12,1,7,4,119,27,67,25
"2020-04-07","JAWA TENGAH",1,0,1,0,120,27,68,25
"2020-04-08","JAWA TENGAH",7,2,3,2,127,29,71,27
"2020-04-09","JAWA TENGAH",4,3,0,1,131,32,71,28
"2020-04-10","JAWA TENGAH",0,0,0,0,131,32,71,28
"2020-04-11","JAWA TENGAH",0,0,-1,1,131,32,70,29
"2020-04-12","JAWA TENGAH",56,1,55,0,187,33,125,29
"2020-04-13","JAWA TENGAH",3,0,2,1,190,33,127,30
"2020-04-14","JAWA TENGAH",75,1,73,1,265,34,200,31
"2020-04-15","JAWA TENGAH",13,1,10,2,278,35,210,33
"2020-04-16","JAWA TENGAH",8,2,4,2,286,37,214,35
"2020-04-17","JAWA TENGAH",5,14,-13,4,291,51,201,39
"2020-04-18","JAWA TENGAH",24,5,19,0,315,56,220,39
"2020-04-19","JAWA TENGAH",21,0,19,2,336,56,239,41
"2020-04-20","JAWA TENGAH",3,2,0,1,339,58,239,42
"2020-04-21","JAWA TENGAH",99,1,97,1,438,59,336,43
"2020-04-22","JAWA TENGAH",30,7,22,1,468,66,358,44
"2020-04-23","JAWA TENGAH",59,4,54,1,527,70,412,45
"2020-04-24","JAWA TENGAH",37,1,33,3,564,71,445,48
"2020-04-25","JAWA TENGAH",46,8,37,1,610,79,482,49
"2020-04-26","JAWA TENGAH",28,0,28,0,638,79,510,49
"2020-04-27","JAWA TENGAH",17,10,6,1,655,89,516,50
"2020-04-28","JAWA TENGAH",16,13,3,0,671,102,519,50
"2020-04-29","JAWA TENGAH",29,4,23,2,700,106,542,52
"2020-04-30","JAWA TENGAH",15,5,9,1,715,111,551,53
"2020-05-01","JAWA TENGAH",22,6,15,1,737,117,566,54
"2020-05-02","JAWA TENGAH",19,7,12,0,756,124,578,54
"2020-05-03","JAWA TENGAH",9,8,0,1,765,132,578,55
"2020-05-04","JAWA TENGAH",22,6,16,0,787,138,594,55
"2020-05-05","JAWA TENGAH",49,15,34,0,836,153,628,55
"2020-05-06","JAWA TENGAH",44,25,18,1,880,178,646,56
"2020-05-07","JAWA TENGAH",13,13,-1,1,893,191,645,57
"2020-05-08","JAWA TENGAH",28,30,-2,0,921,221,643,57
"2020-05-09","JAWA TENGAH",26,11,13,2,947,232,656,59
"2020-05-10","JAWA TENGAH",19,0,18,1,966,232,674,60
"2020-05-11","JAWA TENGAH",2,3,-1,0,968,235,673,60
"2020-05-12","JAWA TENGAH",9,0,8,1,977,235,681,61
"2020-05-13","JAWA TENGAH",32,1,31,0,1009,236,712,61
"2020-05-14","JAWA TENGAH",46,1,45,0,1055,237,757,61
"2020-05-15","JAWA TENGAH",43,5,38,0,1098,242,795,61
"2020-05-16","JAWA TENGAH",31,0,31,0,1129,242,826,61
"2020-05-17","JAWA TENGAH",17,0,17,0,1146,242,843,61
"2020-05-18","JAWA TENGAH",8,5,3,0,1154,247,846,61
"2020-05-19","JAWA TENGAH",10,0,10,0,1164,247,856,61
"2020-05-20","JAWA TENGAH",17,1,16,0,1181,248,872,61
"2020-05-21","JAWA TENGAH",25,2,23,0,1206,250,895,61
"2020-05-22","JAWA TENGAH",17,0,17,0,1223,250,912,61
"2020-05-23","JAWA TENGAH",54,0,54,0,1277,250,966,61
"2020-05-24","JAWA TENGAH",21,4,17,0,1298,254,983,61
"2020-05-25","JAWA TENGAH",2,1,1,0,1300,255,984,61
"2020-05-26","JAWA TENGAH",4,15,-11,0,1304,270,973,61
"2020-05-27","JAWA TENGAH",11,0,11,0,1315,270,984,61
"2020-05-28","JAWA TENGAH",10,0,10,0,1325,270,994,61
"2020-05-29","JAWA TENGAH",14,57,-43,0,1339,327,951,61
"2020-05-30","JAWA TENGAH",16,20,-4,0,1355,347,947,61
"2020-05-31","JAWA TENGAH",37,6,31,0,1392,353,978,61
"2020-06-01","JAWA TENGAH",14,9,4,1,1406,362,982,62
"2020-06-02","JAWA TENGAH",15,1,14,0,1421,363,996,62
"2020-06-03","JAWA TENGAH",22,1,20,1,1443,364,1016,63
"2020-06-04","JAWA TENGAH",24,4,20,0,1467,368,1036,63
"2020-06-05","JAWA TENGAH",58,36,16,6,1525,404,1052,69
"2020-06-06","JAWA TENGAH",27,5,22,0,1552,409,1074,69
"2020-06-07","JAWA TENGAH",51,10,19,22,1603,419,1093,91
"2020-06-08","JAWA TENGAH",27,34,-7,0,1630,453,1086,91
"2020-06-09","JAWA TENGAH",32,81,-54,5,1662,534,1032,96
"2020-06-10","JAWA TENGAH",139,115,24,0,1801,649,1056,96
"2020-06-11","JAWA TENGAH",19,5,14,0,1820,654,1070,96
"2020-06-12","JAWA TENGAH",44,45,-1,0,1864,699,1069,96
"2020-06-13","JAWA TENGAH",70,28,42,0,1934,727,1111,96
"2020-06-14","JAWA TENGAH",113,25,87,1,2047,752,1198,97
"2020-06-15","JAWA TENGAH",116,38,61,17,2163,790,1259,114
"2020-06-16","JAWA TENGAH",56,19,37,0,2219,809,1296,114
"2020-06-17","JAWA TENGAH",115,63,52,0,2334,872,1348,114
"2020-06-18","JAWA TENGAH",45,21,15,9,2379,893,1363,123
"2020-06-19","JAWA TENGAH",80,20,47,13,2459,913,1410,136
"2020-06-20","JAWA TENGAH",98,24,74,0,2557,937,1484,136
"2020-06-21","JAWA TENGAH",99,27,72,0,2656,964,1556,136
"2020-06-22","JAWA TENGAH",49,26,22,1,2705,990,1578,137
"2020-06-23","JAWA TENGAH",49,44,1,4,2754,1034,1579,141
"2020-06-24","JAWA TENGAH",76,12,62,2,2830,1046,1641,143
"2020-06-25","JAWA TENGAH",78,0,78,0,2908,1046,1719,143
"2020-06-26","JAWA TENGAH",178,0,178,0,3086,1046,1897,143
"2020-06-27","JAWA TENGAH",197,18,179,0,3283,1064,2076,143
"2020-06-28","JAWA TENGAH",188,11,177,0,3471,1075,2253,143
"2020-06-29","JAWA TENGAH",198,57,141,0,3669,1132,2394,143
"2020-06-30","JAWA TENGAH",153,145,-12,20,3822,1277,2382,163
"2020-07-01","JAWA TENGAH",173,95,77,1,3995,1372,2459,164
"2020-07-02","JAWA TENGAH",153,4,149,0,4148,1376,2608,164
"2020-07-03","JAWA TENGAH",134,87,32,15,4282,1463,2640,179
"2020-07-04","JAWA TENGAH",110,105,-14,19,4392,1568,2626,198
"2020-07-05","JAWA TENGAH",208,19,174,15,4600,1587,2800,213
"2020-07-06","JAWA TENGAH",127,60,50,17,4727,1647,2850,230
"2020-07-07","JAWA TENGAH",140,68,70,2,4867,1715,2920,232
"2020-07-08","JAWA TENGAH",205,86,106,13,5072,1801,3026,245
"2020-07-09","JAWA TENGAH",120,13,106,1,5192,1814,3132,246
"2020-07-10","JAWA TENGAH",100,172,-91,19,5292,1986,3041,265
"2020-07-11","JAWA TENGAH",100,2,96,2,5392,1988,3137,267
"2020-07-12","JAWA TENGAH",70,9,51,10,5462,1997,3188,277
"2020-07-13","JAWA TENGAH",100,11,83,6,5562,2008,3271,283
"2020-07-14","JAWA TENGAH",80,5,72,3,5642,2013,3343,286
"2020-07-15","JAWA TENGAH",261,79,176,6,5903,2092,3519,292
"2020-07-16","JAWA TENGAH",214,217,-8,5,6117,2309,3511,297
"2020-07-17","JAWA TENGAH",238,179,59,0,6355,2488,3570,297
"2020-07-18","JAWA TENGAH",260,262,-2,0,6615,2750,3568,297
"2020-07-19","JAWA TENGAH",298,402,-130,26,6913,3152,3438,323
"2020-07-20","JAWA TENGAH",350,287,27,36,7263,3439,3465,359
"2020-07-21","JAWA TENGAH",119,137,-33,15,7382,3576,3432,374
"2020-07-22","JAWA TENGAH",316,129,122,65,7698,3705,3554,439
"2020-07-23","JAWA TENGAH",294,101,134,59,7992,3806,3688,498
"2020-07-24","JAWA TENGAH",124,98,-14,40,8116,3904,3674,538
"2020-07-25","JAWA TENGAH",191,108,75,8,8307,4012,3749,546
"2020-07-26","JAWA TENGAH",94,142,-61,13,8401,4154,3688,559
"2020-07-27","JAWA TENGAH",210,153,56,1,8611,4307,3744,560
"2020-07-28","JAWA TENGAH",185,306,-133,12,8796,4613,3611,572
"2020-07-29","JAWA TENGAH",313,282,13,18,9109,4895,3624,590
"2020-07-30","JAWA TENGAH",161,340,-198,19,9270,5235,3426,609
"2020-07-31","JAWA TENGAH",235,73,154,8,9505,5308,3580,617
"2020-08-01","JAWA TENGAH",143,300,-172,15,9648,5608,3408,632
"2020-08-02","JAWA TENGAH",73,134,-85,24,9721,5742,3323,656
"2020-08-03","JAWA TENGAH",95,122,-29,2,9816,5864,3294,658
"2020-08-04","JAWA TENGAH",60,91,-32,1,9876,5955,3262,659
"2020-08-05","JAWA TENGAH",149,154,-20,15,10025,6109,3242,674
"2020-08-06","JAWA TENGAH",115,174,-79,20,10140,6283,3163,694
"2020-08-07","JAWA TENGAH",232,193,31,8,10372,6476,3194,702
"2020-08-08","JAWA TENGAH",88,68,9,11,10460,6544,3203,713
"2020-08-09","JAWA TENGAH",140,63,74,3,10600,6607,3277,716
"2020-08-10","JAWA TENGAH",68,159,-96,5,10668,6766,3181,721
"2020-08-11","JAWA TENGAH",86,90,-7,3,10754,6856,3174,724
"2020-08-12","JAWA TENGAH",179,132,27,20,10933,6988,3201,744
"2020-08-13","JAWA TENGAH",204,102,88,14,11137,7090,3289,758
"2020-08-14","JAWA TENGAH",192,52,131,9,11329,7142,3420,767
"2020-08-15","JAWA TENGAH",131,59,67,5,11460,7201,3487,772
"2020-08-16","JAWA TENGAH",168,62,99,7,11628,7263,3586,779
"2020-08-17","JAWA TENGAH",36,42,-11,5,11664,7305,3575,784
"2020-08-18","JAWA TENGAH",118,97,11,10,11782,7402,3586,794
"2020-08-19","JAWA TENGAH",131,130,-7,8,11913,7532,3579,802
"2020-08-20","JAWA TENGAH",168,136,28,4,12081,7668,3607,806
"2020-08-21","JAWA TENGAH",96,100,-9,5,12177,7768,3598,811
"2020-08-22","JAWA TENGAH",100,144,-60,16,12277,7912,3538,827
"2020-08-23","JAWA TENGAH",188,63,113,12,12465,7975,3651,839
"2020-08-24","JAWA TENGAH",152,101,48,3,12617,8076,3699,842
"2020-08-25","JAWA TENGAH",198,119,54,25,12815,8195,3753,867
"2020-08-26","JAWA TENGAH",147,164,-47,30,12962,8359,3706,897
"2020-08-27","JAWA TENGAH",252,215,4,33,13214,8574,3710,930
"2020-08-28","JAWA TENGAH",242,120,94,28,13456,8694,3804,958
"2020-08-29","JAWA TENGAH",180,90,80,10,13636,8784,3884,968
"2020-08-30","JAWA TENGAH",138,82,41,15,13774,8866,3925,983
"2020-03-18","JAWA TIMUR",2,0,2,0,2,0,2,0
"2020-03-19","JAWA TIMUR",0,1,-1,0,2,1,1,0
"2020-03-20","JAWA TIMUR",0,0,0,0,2,1,1,0
"2020-03-21","JAWA TIMUR",0,0,0,0,2,1,1,0
"2020-03-22","JAWA TIMUR",0,0,0,0,2,1,1,0
"2020-03-23","JAWA TIMUR",0,0,0,0,2,1,1,0
"2020-03-24","JAWA TIMUR",0,0,-1,1,2,1,0,1
"2020-03-25","JAWA TIMUR",0,2,-4,2,2,3,-4,3
"2020-03-26","JAWA TIMUR",8,2,6,0,10,5,2,3
"2020-03-27","JAWA TIMUR",7,0,7,0,17,5,9,3
"2020-03-28","JAWA TIMUR",11,0,11,0,28,5,20,3
"2020-03-29","JAWA TIMUR",12,0,9,3,40,5,29,6
"2020-03-30","JAWA TIMUR",1,0,0,1,41,5,29,7
"2020-03-31","JAWA TIMUR",2,0,0,2,43,5,29,9
"2020-04-01","JAWA TIMUR",10,5,5,0,53,10,34,9
"2020-04-02","JAWA TIMUR",0,2,-3,1,53,12,31,10
"2020-04-03","JAWA TIMUR",48,0,48,0,101,12,79,10
"2020-04-04","JAWA TIMUR",0,4,-7,3,101,16,72,13
"2020-04-05","JAWA TIMUR",35,1,32,2,136,17,104,15
"2020-04-06","JAWA TIMUR",3,10,-7,0,139,27,97,15
"2020-04-07","JAWA TIMUR",5,1,4,0,144,28,101,15
"2020-04-08","JAWA TIMUR",2,1,1,0,146,29,102,15
"2020-04-09","JAWA TIMUR",27,7,18,2,173,36,120,17
"2020-04-10","JAWA TIMUR",33,11,18,4,206,47,138,21
"2020-04-11","JAWA TIMUR",11,2,6,3,217,49,144,24
"2020-04-12","JAWA TIMUR",119,0,119,0,336,49,263,24
"2020-04-13","JAWA TIMUR",52,4,46,2,388,53,309,26
"2020-04-14","JAWA TIMUR",36,7,16,13,424,60,325,39
"2020-04-15","JAWA TIMUR",25,11,10,4,449,71,335,43
"2020-04-16","JAWA TIMUR",15,3,11,1,464,74,346,44
"2020-04-17","JAWA TIMUR",8,8,-1,1,472,82,345,45
"2020-04-18","JAWA TIMUR",33,2,28,3,505,84,373,48
"2020-04-19","JAWA TIMUR",33,2,26,5,538,86,399,53
"2020-04-20","JAWA TIMUR",0,2,-5,3,538,88,394,56
"2020-04-21","JAWA TIMUR",15,1,13,1,553,89,407,57
"2020-04-22","JAWA TIMUR",34,0,34,0,587,89,441,57
"2020-04-23","JAWA TIMUR",25,11,12,2,612,100,453,59
"2020-04-24","JAWA TIMUR",28,16,5,7,640,116,458,66
"2020-04-25","JAWA TIMUR",77,5,64,8,717,121,522,74
"2020-04-26","JAWA TIMUR",17,5,0,12,734,126,522,86
"2020-04-27","JAWA TIMUR",11,2,8,1,745,128,530,87
"2020-04-28","JAWA TIMUR",61,4,55,2,806,132,585,89
"2020-04-29","JAWA TIMUR",14,8,2,4,820,140,587,93
"2020-04-30","JAWA TIMUR",83,5,76,2,903,145,663,95
"2020-05-01","JAWA TIMUR",76,5,68,3,979,150,731,98
"2020-05-02","JAWA TIMUR",6,3,-4,7,985,153,727,105
"2020-05-03","JAWA TIMUR",72,9,58,5,1057,162,785,110
"2020-05-04","JAWA TIMUR",9,4,-1,6,1066,166,784,116
"2020-05-05","JAWA TIMUR",42,2,40,0,1108,168,824,116
"2020-05-06","JAWA TIMUR",56,18,32,6,1164,186,856,122
"2020-05-07","JAWA TIMUR",45,8,27,10,1209,194,883,132
"2020-05-08","JAWA TIMUR",18,9,4,5,1227,203,887,137
"2020-05-09","JAWA TIMUR",135,12,120,3,1362,215,1007,140
"2020-05-10","JAWA TIMUR",78,3,73,2,1440,218,1080,142
"2020-05-11","JAWA TIMUR",37,14,17,6,1477,232,1097,148
"2020-05-12","JAWA TIMUR",115,14,95,6,1592,246,1192,154
"2020-05-13","JAWA TIMUR",115,16,91,8,1707,262,1283,162
"2020-05-14","JAWA TIMUR",89,4,81,4,1796,266,1364,166
"2020-05-15","JAWA TIMUR",60,16,33,11,1856,282,1397,177
"2020-05-16","JAWA TIMUR",176,8,163,5,2032,290,1560,182
"2020-05-17","JAWA TIMUR",54,10,33,11,2086,300,1593,193
"2020-05-18","JAWA TIMUR",135,25,95,15,2221,325,1688,208
"2020-05-19","JAWA TIMUR",83,38,32,13,2304,363,1720,221
"2020-05-20","JAWA TIMUR",123,12,105,6,2427,375,1825,227
"2020-05-21","JAWA TIMUR",489,16,460,13,2916,391,2285,240
"2020-05-22","JAWA TIMUR",124,10,100,14,3040,401,2385,254
"2020-05-23","JAWA TIMUR",450,13,423,14,3490,414,2808,268
"2020-05-24","JAWA TIMUR",77,39,26,12,3567,453,2834,280
"2020-05-25","JAWA TIMUR",231,24,198,9,3798,477,3032,289
"2020-05-26","JAWA TIMUR",58,17,32,9,3856,494,3064,298
"2020-05-27","JAWA TIMUR",176,16,141,19,4032,510,3205,317
"2020-05-28","JAWA TIMUR",125,26,85,14,4157,536,3290,331
"2020-05-29","JAWA TIMUR",168,22,135,11,4325,558,3425,342
"2020-05-30","JAWA TIMUR",195,19,149,27,4520,577,3574,369
"2020-05-31","JAWA TIMUR",233,20,189,24,4753,597,3763,393
"2020-06-01","JAWA TIMUR",72,45,11,16,4825,642,3774,409
"2020-06-02","JAWA TIMUR",215,45,164,6,5040,687,3938,415
"2020-06-03","JAWA TIMUR",174,101,62,11,5214,788,4000,426
"2020-06-04","JAWA TIMUR",97,289,-200,8,5311,1077,3800,434
"2020-06-05","JAWA TIMUR",141,118,13,10,5452,1195,3813,444
"2020-06-06","JAWA TIMUR",265,153,95,17,5717,1348,3908,461
"2020-06-07","JAWA TIMUR",103,48,35,20,5820,1396,3943,481
"2020-06-08","JAWA TIMUR",354,90,245,19,6174,1486,4188,500
"2020-06-09","JAWA TIMUR",199,84,103,12,6373,1570,4291,512
"2020-06-10","JAWA TIMUR",262,98,149,15,6635,1668,4440,527
"2020-06-11","JAWA TIMUR",282,112,146,24,6917,1780,4586,551
"2020-06-12","JAWA TIMUR",308,72,214,22,7225,1852,4800,573
"2020-06-13","JAWA TIMUR",184,248,-78,14,7409,2100,4722,587
"2020-06-14","JAWA TIMUR",198,75,112,11,7607,2175,4834,598
"2020-06-15","JAWA TIMUR",265,62,187,16,7872,2237,5021,614
"2020-06-16","JAWA TIMUR",246,72,152,22,8118,2309,5173,636
"2020-06-17","JAWA TIMUR",237,56,167,14,8355,2365,5340,650
"2020-06-18","JAWA TIMUR",384,79,292,13,8739,2444,5632,663
"2020-06-19","JAWA TIMUR",137,102,21,14,8876,2546,5653,677
"2020-06-20","JAWA TIMUR",376,103,253,20,9252,2649,5906,697
"2020-06-21","JAWA TIMUR",90,125,-52,17,9342,2774,5854,714
"2020-06-22","JAWA TIMUR",300,66,221,13,9642,2840,6075,727
"2020-06-23","JAWA TIMUR",250,60,177,13,9892,2900,6252,740
"2020-06-24","JAWA TIMUR",167,80,78,9,10059,2980,6330,749
"2020-06-25","JAWA TIMUR",247,241,-8,14,10306,3221,6322,763
"2020-06-26","JAWA TIMUR",361,192,137,32,10667,3413,6459,795
"2020-06-27","JAWA TIMUR",280,189,74,17,10947,3602,6533,812
"2020-06-28","JAWA TIMUR",320,101,202,17,11267,3703,6735,829
"2020-06-29","JAWA TIMUR",288,171,85,32,11555,3874,6820,861
"2020-06-30","JAWA TIMUR",328,121,176,31,11883,3995,6996,892
"2020-07-01","JAWA TIMUR",187,187,-34,34,12070,4182,6962,926
"2020-07-02","JAWA TIMUR",352,191,139,22,12422,4373,7101,948
"2020-07-03","JAWA TIMUR",350,249,80,21,12772,4622,7181,969
"2020-07-04","JAWA TIMUR",407,100,280,27,13179,4722,7461,996
"2020-07-05","JAWA TIMUR",593,154,416,23,13772,4876,7877,1019
"2020-07-06","JAWA TIMUR",309,104,172,33,14081,4980,8049,1052
"2020-07-07","JAWA TIMUR",304,118,160,26,14385,5098,8209,1078
"2020-07-08","JAWA TIMUR",356,204,129,23,14741,5302,8338,1101
"2020-07-09","JAWA TIMUR",510,263,224,23,15251,5565,8562,1124
"2020-07-10","JAWA TIMUR",257,234,-4,27,15508,5799,8558,1151
"2020-07-11","JAWA TIMUR",412,318,58,36,15920,6117,8616,1187
"2020-07-12","JAWA TIMUR",523,206,297,20,16443,6323,8913,1207
"2020-07-13","JAWA TIMUR",235,274,-57,18,16678,6597,8856,1225
"2020-07-14","JAWA TIMUR",355,351,-17,21,17033,6948,8839,1246
"2020-07-15","JAWA TIMUR",184,521,-365,28,17217,7469,8474,1274
"2020-07-16","JAWA TIMUR",187,444,-283,26,17404,7913,8191,1300
"2020-07-17","JAWA TIMUR",284,387,-140,37,17688,8300,8051,1337
"2020-07-18","JAWA TIMUR",227,555,-339,11,17915,8855,7712,1348
"2020-07-19","JAWA TIMUR",289,475,-238,52,18204,9330,7474,1400
"2020-07-20","JAWA TIMUR",241,375,-166,32,18445,9705,7308,1432
"2020-07-21","JAWA TIMUR",307,348,-69,28,18752,10053,7239,1460
"2020-07-22","JAWA TIMUR",265,395,-165,35,19017,10448,7074,1495
"2020-07-23","JAWA TIMUR",357,665,-337,29,19374,11113,6737,1524
"2020-07-24","JAWA TIMUR",495,421,45,29,19869,11534,6782,1553
"2020-07-25","JAWA TIMUR",309,408,-117,18,20178,11942,6665,1571
"2020-07-26","JAWA TIMUR",289,365,-93,17,20467,12307,6572,1588
"2020-07-27","JAWA TIMUR",279,361,-101,19,20746,12668,6471,1607
"2020-07-28","JAWA TIMUR",316,401,-107,22,21062,13069,6364,1629
"2020-07-29","JAWA TIMUR",362,538,-209,33,21424,13607,6155,1662
"2020-07-30","JAWA TIMUR",291,445,-168,14,21715,14052,5987,1676
"2020-07-31","JAWA TIMUR",320,351,-52,21,22035,14403,5935,1697
"2020-08-01","JAWA TIMUR",240,462,-243,21,22275,14865,5692,1718
"2020-08-02","JAWA TIMUR",180,191,-11,0,22455,15056,5681,1718
"2020-08-03","JAWA TIMUR",478,476,-20,22,22933,15532,5661,1740
"2020-08-04","JAWA TIMUR",430,333,57,40,23363,15865,5718,1780
"2020-08-05","JAWA TIMUR",417,390,9,18,23780,16255,5727,1798
"2020-08-06","JAWA TIMUR",286,465,-197,18,24066,16720,5530,1816
"2020-08-07","JAWA TIMUR",378,489,-128,17,24444,17209,5402,1833
"2020-08-08","JAWA TIMUR",429,464,-57,22,24873,17673,5345,1855
"2020-08-09","JAWA TIMUR",408,365,22,21,25281,18038,5367,1876
"2020-08-10","JAWA TIMUR",296,367,-88,17,25577,18405,5279,1893
"2020-08-11","JAWA TIMUR",291,363,-93,21,25868,18768,5186,1914
"2020-08-12","JAWA TIMUR",303,345,-58,16,26171,19113,5128,1930
"2020-08-13","JAWA TIMUR",341,383,-64,22,26512,19496,5064,1952
"2020-08-14","JAWA TIMUR",418,468,-64,14,26930,19964,5000,1966
"2020-08-15","JAWA TIMUR",436,454,-39,21,27366,20418,4961,1987
"2020-08-16","JAWA TIMUR",488,368,85,35,27854,20786,5046,2022
"2020-08-17","JAWA TIMUR",336,416,-94,14,28190,21202,4952,2036
"2020-08-18","JAWA TIMUR",312,377,-83,18,28502,21579,4869,2054
"2020-08-19","JAWA TIMUR",335,444,-128,19,28837,22023,4741,2073
"2020-08-20","JAWA TIMUR",371,450,-103,24,29208,22473,4638,2097
"2020-08-21","JAWA TIMUR",458,414,14,30,29666,22887,4652,2127
"2020-08-22","JAWA TIMUR",321,402,-106,25,29987,23289,4546,2152
"2020-08-23","JAWA TIMUR",279,331,-71,19,30266,23620,4475,2171
"2020-08-24","JAWA TIMUR",320,321,-24,23,30586,23941,4451,2194
"2020-08-25","JAWA TIMUR",363,348,-12,27,30949,24289,4439,2221
"2020-08-26","JAWA TIMUR",331,348,-47,30,31280,24637,4392,2251
"2020-08-27","JAWA TIMUR",367,341,-4,30,31647,24978,4388,2281
"2020-08-28","JAWA TIMUR",417,238,159,20,32064,25216,4547,2301
"2020-08-29","JAWA TIMUR",641,305,315,21,32705,25521,4862,2322
"2020-08-30","JAWA TIMUR",466,223,217,26,33171,25744,5079,2348
"2020-03-29","KALIMANTAN BARAT",5,2,3,0,5,2,3,0
"2020-03-30","KALIMANTAN BARAT",1,0,1,0,6,2,4,0
"2020-03-31","KALIMANTAN BARAT",0,0,0,0,6,2,4,0
"2020-04-01","KALIMANTAN BARAT",1,0,1,0,7,2,5,0
"2020-04-02","KALIMANTAN BARAT",0,0,-1,1,7,2,4,1
"2020-04-03","KALIMANTAN BARAT",0,0,0,0,7,2,4,1
"2020-04-04","KALIMANTAN BARAT",0,0,0,0,7,2,4,1
"2020-04-05","KALIMANTAN BARAT",0,0,0,0,7,2,4,1
"2020-04-06","KALIMANTAN BARAT",0,0,0,0,7,2,4,1
"2020-04-07","KALIMANTAN BARAT",0,1,-1,0,7,3,3,1
"2020-04-08","KALIMANTAN BARAT",0,0,0,0,7,3,3,1
"2020-04-09","KALIMANTAN BARAT",0,0,0,0,7,3,3,1
"2020-04-10","KALIMANTAN BARAT",0,0,0,0,7,3,3,1
"2020-04-11","KALIMANTAN BARAT",0,0,0,0,7,3,3,1
"2020-04-12","KALIMANTAN BARAT",3,0,3,0,10,3,6,1
"2020-04-13","KALIMANTAN BARAT",0,0,0,0,10,3,6,1
"2020-04-14","KALIMANTAN BARAT",0,2,-2,0,10,5,4,1
"2020-04-15","KALIMANTAN BARAT",0,0,0,0,10,5,4,1
"2020-04-16","KALIMANTAN BARAT",8,0,8,0,18,5,12,1
"2020-04-17","KALIMANTAN BARAT",0,0,0,0,18,5,12,1
"2020-04-18","KALIMANTAN BARAT",0,0,0,0,18,5,12,1
"2020-04-19","KALIMANTAN BARAT",0,0,0,0,18,5,12,1
"2020-04-20","KALIMANTAN BARAT",0,0,0,0,18,5,12,1
"2020-04-21","KALIMANTAN BARAT",6,1,5,0,24,6,17,1
"2020-04-22","KALIMANTAN BARAT",4,1,3,0,28,7,20,1
"2020-04-23","KALIMANTAN BARAT",19,0,19,0,47,7,39,1
"2020-04-24","KALIMANTAN BARAT",0,0,0,0,47,7,39,1
"2020-04-25","KALIMANTAN BARAT",1,0,1,0,48,7,40,1
"2020-04-26","KALIMANTAN BARAT",0,0,0,0,48,7,40,1
"2020-04-27","KALIMANTAN BARAT",0,0,0,0,48,7,40,1
"2020-04-28","KALIMANTAN BARAT",0,0,0,0,48,7,40,1
"2020-04-29","KALIMANTAN BARAT",7,0,7,0,55,7,47,1
"2020-04-30","KALIMANTAN BARAT",0,0,0,0,55,7,47,1
"2020-05-01","KALIMANTAN BARAT",3,0,3,0,58,7,50,1
"2020-05-02","KALIMANTAN BARAT",7,0,7,0,65,7,57,1
"2020-05-03","KALIMANTAN BARAT",2,0,2,0,67,7,59,1
"2020-05-04","KALIMANTAN BARAT",3,0,3,0,70,7,62,1
"2020-05-05","KALIMANTAN BARAT",0,0,0,0,70,7,62,1
"2020-05-06","KALIMANTAN BARAT",17,3,14,0,87,10,76,1
"2020-05-07","KALIMANTAN BARAT",5,0,5,0,92,10,81,1
"2020-05-08","KALIMANTAN BARAT",0,0,0,0,92,10,81,1
"2020-05-09","KALIMANTAN BARAT",23,0,23,0,115,10,104,1
"2020-05-10","KALIMANTAN BARAT",2,0,2,0,117,10,106,1
"2020-05-11","KALIMANTAN BARAT",0,0,0,0,117,10,106,1
"2020-05-12","KALIMANTAN BARAT",3,9,-6,0,120,19,100,1
"2020-05-13","KALIMANTAN BARAT",6,2,3,1,126,21,103,2
"2020-05-14","KALIMANTAN BARAT",0,0,0,0,126,21,103,2
"2020-05-15","KALIMANTAN BARAT",0,0,0,0,126,21,103,2
"2020-05-16","KALIMANTAN BARAT",2,0,2,0,128,21,105,2
"2020-05-17","KALIMANTAN BARAT",1,2,-1,0,129,23,104,2
"2020-05-18","KALIMANTAN BARAT",0,8,-8,0,129,31,96,2
"2020-05-19","KALIMANTAN BARAT",0,0,0,0,129,31,96,2
"2020-05-20","KALIMANTAN BARAT",0,0,0,0,129,31,96,2
"2020-05-21","KALIMANTAN BARAT",1,5,-4,0,130,36,92,2
"2020-05-22","KALIMANTAN BARAT",7,1,6,0,137,37,98,2
"2020-05-23","KALIMANTAN BARAT",28,0,28,0,165,37,126,2
"2020-05-24","KALIMANTAN BARAT",0,0,0,0,165,37,126,2
"2020-05-25","KALIMANTAN BARAT",7,5,2,0,172,42,128,2
"2020-05-26","KALIMANTAN BARAT",1,1,0,0,173,43,128,2
"2020-05-27","KALIMANTAN BARAT",7,0,7,0,180,43,135,2
"2020-05-28","KALIMANTAN BARAT",1,0,1,0,181,43,136,2
"2020-05-29","KALIMANTAN BARAT",0,3,-3,0,181,46,133,2
"2020-05-30","KALIMANTAN BARAT",0,0,0,0,181,46,133,2
"2020-05-31","KALIMANTAN BARAT",5,5,0,0,186,51,133,2
"2020-06-01","KALIMANTAN BARAT",7,3,4,0,193,54,137,2
"2020-06-02","KALIMANTAN BARAT",0,0,0,0,193,54,137,2
"2020-06-03","KALIMANTAN BARAT",6,24,-18,0,199,78,119,2
"2020-06-04","KALIMANTAN BARAT",0,15,-15,0,199,93,104,2
"2020-06-05","KALIMANTAN BARAT",3,15,-12,0,202,108,92,2
"2020-06-06","KALIMANTAN BARAT",5,5,0,0,207,113,92,2
"2020-06-07","KALIMANTAN BARAT",0,0,0,0,207,113,92,2
"2020-06-08","KALIMANTAN BARAT",0,3,-3,0,207,116,89,2
"2020-06-09","KALIMANTAN BARAT",24,1,23,0,231,117,112,2
"2020-06-10","KALIMANTAN BARAT",11,20,-9,0,242,137,103,2
"2020-06-11","KALIMANTAN BARAT",0,7,-7,0,242,144,96,2
"2020-06-12","KALIMANTAN BARAT",22,1,21,0,264,145,117,2
"2020-06-13","KALIMANTAN BARAT",0,4,-4,0,264,149,113,2
"2020-06-14","KALIMANTAN BARAT",1,9,-8,0,265,158,105,2
"2020-06-15","KALIMANTAN BARAT",0,7,-7,0,265,165,98,2
"2020-06-16","KALIMANTAN BARAT",2,1,1,0,267,166,99,2
"2020-06-17","KALIMANTAN BARAT",12,0,12,0,279,166,111,2
"2020-06-18","KALIMANTAN BARAT",0,6,-6,0,279,172,105,2
"2020-06-19","KALIMANTAN BARAT",14,13,1,0,293,185,106,2
"2020-06-20","KALIMANTAN BARAT",2,9,-7,0,295,194,99,2
"2020-06-21","KALIMANTAN BARAT",0,21,-21,0,295,215,78,2
"2020-06-22","KALIMANTAN BARAT",0,3,-3,0,295,218,75,2
"2020-06-23","KALIMANTAN BARAT",15,4,11,0,310,222,86,2
"2020-06-24","KALIMANTAN BARAT",0,5,-5,0,310,227,81,2
"2020-06-25","KALIMANTAN BARAT",0,7,-7,0,310,234,74,2
"2020-06-26","KALIMANTAN BARAT",0,6,-6,0,310,240,68,2
"2020-06-27","KALIMANTAN BARAT",8,10,-2,0,318,250,66,2
"2020-06-28","KALIMANTAN BARAT",0,8,-8,0,318,258,58,2
"2020-06-29","KALIMANTAN BARAT",0,4,-4,0,318,262,54,2
"2020-06-30","KALIMANTAN BARAT",0,5,-5,0,318,267,49,2
"2020-07-01","KALIMANTAN BARAT",15,3,12,0,333,270,61,2
"2020-07-02","KALIMANTAN BARAT",0,0,0,0,333,270,61,2
"2020-07-03","KALIMANTAN BARAT",0,6,-6,0,333,276,55,2
"2020-07-04","KALIMANTAN BARAT",0,4,-4,0,333,280,51,2
"2020-07-05","KALIMANTAN BARAT",3,19,-16,0,336,299,35,2
"2020-07-06","KALIMANTAN BARAT",0,0,0,0,336,299,35,2
"2020-07-07","KALIMANTAN BARAT",5,5,0,0,341,304,35,2
"2020-07-08","KALIMANTAN BARAT",0,1,-1,0,341,305,34,2
"2020-07-09","KALIMANTAN BARAT",3,2,1,0,344,307,35,2
"2020-07-10","KALIMANTAN BARAT",0,0,0,0,344,307,35,2
"2020-07-11","KALIMANTAN BARAT",0,19,-19,0,344,326,16,2
"2020-07-12","KALIMANTAN BARAT",3,0,3,0,347,326,19,2
"2020-07-13","KALIMANTAN BARAT",5,1,4,0,352,327,23,2
"2020-07-14","KALIMANTAN BARAT",0,12,-12,0,352,339,11,2
"2020-07-15","KALIMANTAN BARAT",0,0,0,0,352,339,11,2
"2020-07-16","KALIMANTAN BARAT",4,1,3,0,356,340,14,2
"2020-07-17","KALIMANTAN BARAT",0,0,0,0,356,340,14,2
"2020-07-18","KALIMANTAN BARAT",0,6,-6,0,356,346,8,2
"2020-07-19","KALIMANTAN BARAT",0,4,-4,0,356,350,4,2
"2020-07-20","KALIMANTAN BARAT",0,0,0,0,356,350,4,2
"2020-07-21","KALIMANTAN BARAT",0,0,0,0,356,350,4,2
"2020-07-22","KALIMANTAN BARAT",0,4,-4,0,356,354,0,2
"2020-07-23","KALIMANTAN BARAT",0,0,0,0,356,354,0,2
"2020-07-24","KALIMANTAN BARAT",0,0,0,0,356,354,0,2
"2020-07-25","KALIMANTAN BARAT",6,0,6,0,362,354,6,2
"2020-07-26","KALIMANTAN BARAT",0,0,0,0,362,354,6,2
"2020-07-27","KALIMANTAN BARAT",0,0,0,0,362,354,6,2
"2020-07-28","KALIMANTAN BARAT",16,0,16,0,378,354,22,2
"2020-07-29","KALIMANTAN BARAT",0,0,0,0,378,354,22,2
"2020-07-30","KALIMANTAN BARAT",0,0,0,0,378,354,22,2
"2020-07-31","KALIMANTAN BARAT",6,0,6,0,384,354,28,2
"2020-08-01","KALIMANTAN BARAT",0,0,0,0,384,354,28,2
"2020-08-02","KALIMANTAN BARAT",0,0,0,0,384,354,28,2
"2020-08-03","KALIMANTAN BARAT",0,0,0,0,384,354,28,2
"2020-08-04","KALIMANTAN BARAT",0,16,-16,0,384,370,12,2
"2020-08-05","KALIMANTAN BARAT",0,0,0,0,384,370,12,2
"2020-08-06","KALIMANTAN BARAT",7,0,7,0,391,370,19,2
"2020-08-07","KALIMANTAN BARAT",3,3,0,0,394,373,19,2
"2020-08-08","KALIMANTAN BARAT",0,0,0,0,394,373,19,2
"2020-08-09","KALIMANTAN BARAT",13,6,7,0,407,379,26,2
"2020-08-10","KALIMANTAN BARAT",6,0,6,0,413,379,32,2
"2020-08-11","KALIMANTAN BARAT",4,0,4,0,417,379,36,2
"2020-08-12","KALIMANTAN BARAT",9,0,9,0,426,379,45,2
"2020-08-13","KALIMANTAN BARAT",10,18,-8,0,436,397,37,2
"2020-08-14","KALIMANTAN BARAT",5,1,4,0,441,398,41,2
"2020-08-15","KALIMANTAN BARAT",3,6,-3,0,444,404,38,2
"2020-08-16","KALIMANTAN BARAT",0,2,-2,0,444,406,36,2
"2020-08-17","KALIMANTAN BARAT",0,0,0,0,444,406,36,2
"2020-08-18","KALIMANTAN BARAT",5,2,3,0,449,408,39,2
"2020-08-19","KALIMANTAN BARAT",4,1,3,0,453,409,42,2
"2020-08-20","KALIMANTAN BARAT",15,14,1,0,468,423,43,2
"2020-08-21","KALIMANTAN BARAT",29,0,29,0,497,423,72,2
"2020-08-22","KALIMANTAN BARAT",33,5,28,0,530,428,100,2
"2020-08-23","KALIMANTAN BARAT",33,19,14,0,563,447,114,2
"2020-08-24","KALIMANTAN BARAT",12,0,12,0,575,447,126,2
"2020-08-25","KALIMANTAN BARAT",27,0,27,0,602,447,153,2
"2020-08-26","KALIMANTAN BARAT",0,20,-20,0,602,467,133,2
"2020-08-27","KALIMANTAN BARAT",6,41,-35,0,608,508,98,2
"2020-08-28","KALIMANTAN BARAT",0,0,0,0,608,508,98,2
"2020-08-29","KALIMANTAN BARAT",16,31,-15,0,624,539,83,2
"2020-08-30","KALIMANTAN BARAT",18,0,17,1,642,539,100,3
